t_value	p_value	topic_words
4.540311455110073	1.0211110760234256e-05	['pouvais', 'sentais', 'savais', 'mère', 'porte', 'temps', 'chose', 'voyais', 'père', 'corps']
4.262668062117295	3.2797026061923525e-05	['train', 'gare', 'voyageurs', 'métro', 'quai', 'wagons', 'wagon', 'station', 'trains', 'compartiment']
4.15748084557665	5.2768490960124735e-05	['allemands', 'français', 'russes', 'armée', 'française', 'général', 'allemand', 'lacenaire', 'révolution', 'ministre']
3.7311864756797912	0.00026678470214732075	['livre', 'livres', 'littérature', 'auteur', 'écrire', 'écrivain', 'œuvre', 'écrit', 'lecteur', 'lire']
3.296002912532204	0.0011412798216675457	['dis', 'pouvais', 'chose', 'savais', 'yeux', 'mère', 'voulais', 'tête', 'envie', 'voir']
3.0979570897492428	0.0022873393279173393	['étang', 'sills', '80 100', 'mots croisés', 'ans', 'irthia', 'enfermé', 'deucalio', 'mue', 'wishman']
3.032228500452341	0.002851375897187089	['rue', 'ansart', 'boulevard', 'café', 'hôtel', 'soir', 'himes', 'quartier', 'tournon', 'restaurant']
2.903477223105856	0.004152826909054899	['jésus', 'objets objets', 'seigneur', 'dieux', 'kernik', 'père', 'jérusalem', 'maligou', 'objets', 'prêtre']
2.816298533477233	0.005460720951738603	['hulann', 'kanin', 'corps', 'construct', 'fouldroule', 'couleur', 'poils', 'calligraphe', 'yeux', 'stratten']
2.811478497068758	0.005554116660078635	['arbres', 'arbre', 'forêt', 'fleurs', 'feuilles', 'branches', 'plantes', 'terre', 'racines', 'champignons']
2.7602025599109514	0.006471882714225971	['peinture', 'peintre', 'tableaux', 'peintres', 'artiste', 'peindre', 'portrait', 'tableau', 'œuvres', 'malmora']
2.6571803801388043	0.008585985253795756	['odeur', 'odeurs', 'parfum', 'gozals', 'parfums', 'biltine', 'petitjean', 'sunapee', 'ivresse', 'souvenirs']
2.650125267500649	0.00873337398876997	['mort', 'humains', 'âme', 'faut', 'vivre', 'chose', 'humanité', 'science', 'êtres', 'société']
2.629172976125112	0.009399448513514866	['rhada', 'louange', 'prisko', 'terre', 'vaisseau vide', 'inspecteur bertholet', 'fleuve', 'royaume', 'enfers', 'bertholet']
2.6161458590149516	0.009762194489845371	['revue', 'polska', 'auteur', 'chauve', 'kürz', 'nourissier', 'varsovie', 'amis', 'envierges', 'rue envierges']
2.584175284239204	0.010655655258149124	['prêtre', 'puymartin', 'père', 'haguet', 'cabusse', 'vandoosler', 'général terrazas', 'terrazas', 'abbé', 'évêque']
2.5816434181078987	0.010631878056098052	['butron', 'kœlman', 'quipuzcoa', 'ventrée', 'père', 'lycée', 'brossier', 'comptable', 'quille', 'commissaire boulle']
2.5765961300240376	0.010808739689105113	['pianos', 'quade', 'nimier', 'cercueil', 'cimetière', 'nabounassar', 'kraken', 'pigmy', 'fœtus', 'morts vivants']
2.483121050004477	0.013959492437327326	['loose', 'électriques', 'musée', 'sern', 'rue', 'jallud', 'méduse musée', 'caravane', 'cires', 'lumière']
2.4108496641554993	0.017047416629657836	['fouldroule', 'portières', 'usine', 'caisses', 'pincée poussière', 'pris ligne', 'régulier gouttes', 'soudure', 'casque', 'grises']
2.3950210107751615	0.017829314147757444	['juifs', 'juif', 'israël', 'rabbi', 'raverdy', 'rabbin', 'juive', 'israël raverdy', 'egypte', 'hérode']
2.2857210852281566	0.023512566516400317	['cheval', 'chevaux', 'djinnih', 'galop', 'cavalière', 'sabots', 'bagrin', 'cible', 'selle', 'banshee']
2.2207195937646693	0.027791379371966834	['picasso', 'doigts gourds', 'pluie', 'réfectoire', 'gourds', 'maîtresse époque', 'soucis soucis', 'chaussures propres', 'tores', 'vent tourné']
2.1786446791304064	0.030636171585911618	['français', 'langue', 'latin', 'participe', 'chanteloup', 'graffigny', 'grec', 'gabrièle', 'verbes', 'moros']
2.1766680801841845	0.03093523855925812	['sandorf', 'bélonie', 'tentes', 'temudjin', 'vaches', 'stéphane', 'rhada', 'chevaux', 'forêt', 'blancheur']
2.153023400940208	0.03284546038727111	['yudel', 'amnésie', 'bande', 'tricheurs', 'créativité', 'chocolaté', 'tricheuses', 'profils', 'oa', 'gaws']
1.9967846426353881	0.047553104322744795	['comète', 'brionne', 'quéré', 'seigneur', 'charge écuyer', 'comète comète', 'délassement', 'khym', 'compagnonnage', 'isambour']
1.9900117691529975	0.04824237451734326	['bocager', 'sel', 'garçons', 'noms garçons', 'dépôt armes', 'copeau', 'ombres', 'faut attaquer', 'oiseaux', 'briancourt']
1.9754859447403674	0.04999642091862638	['chrétiens', 'turcs', 'soldats', 'soldats chrétiens', 'hommes', 'pèlerins', 'fleuve', 'père ascelin', 'ascelin', 'troupes']
1.9434013709950575	0.053774702620947704	['boccherini', 'schumann', 'musique', 'opéra', 'orengo', 'malibran', 'théâtre', 'clown', 'bannister', 'géricault']
1.8758770230440927	0.06246084255753839	['mongougeot', 'maîtresse titre', 'edmée', 'amédée', 'césar', 'pompadour', 'éditions soir', 'céramiste', 'archiduc', 'ancien']
1.8758770230440913	0.062460842557538594	['abbé', 'bernerie', 'payable', 'pompadour', 'ventôse', 'daraïn', 'maurras', 'glazer', 'dépêche', '000']
1.850371486693734	0.06610638130503943	['pélagie', 'abassa', '11 heures', 'sourate', 'baltimore', 'bishop', 'baltimore baltimore', '11', 'inspecteur académie', 'joué joué']
1.8417010389895632	0.06718995343820132	['freetime', 'gwener', 'ostrogot', 'pouvais', 'madère', 'aperth', 'savais', 'exéquateur', 'regardé', 'murillo']
1.8400638755103802	0.06734767855884706	['totor', 'costermann', 'raphaële', 'herth', 'benitez', 'club', 'chinois', 'henekeys', 'tables', '252']
1.8397405603004544	0.06775858665522771	['édouard', 'cédric', 'arche', 'crainte mêlée', 'maison autriche', 'noé', 'consigne', 'sorte crainte', 'mordécaï', 'autriche']
1.8391780618560205	0.06762422149515503	['femmes', 'femme', 'hommes', 'conaire', 'amazones', 'veux', 'faut', 'mecs', 'féministes', 'filles']
1.8086988527538874	0.07236874352033794	['avion', 'aéroport', 'passeport', 'danois', 'sern', 'chacal', 'hôtesse', 'valise', 'kowalski', 'signor']
1.793517097519932	0.07492870359152431	['calife', 'tèmudjin', 'maître', 'abassa', 'djamouqa', 'qasar', 'toghril', 'palais', 'kèrèit', 'merkit']
1.7187327727925532	0.0877456218185211	['édit', 'huguenots', 'ronsard', 'médicis', 'royaume', 'françois', 'charry', 'réformés', 'châtel', 'cour']
1.6844336581443842	0.09404920459062363	['alginate', 'pâte', 'goossens', 'chef laboratoire', 'outil', 'rats', 'catalyseur', 'marteau', 'modèle', 'flexibles']
1.65361526600935	0.09999710157199976	['lauzerte', 'hélix', 'irène', 'mé', 'geneviève', 'azaïs', 'pirouettes', 'rené', 'pérouse', 'essex street']
1.6309203153252312	0.10455344669066055	['mère', 'père', 'parents', 'dis', 'veux', 'enfants', 'besoin', 'faucon', 'choses', 'ans']
1.6163995717134783	0.10757366770329416	['bateau', 'eau', 'navire', 'pont', 'poissons', 'vent', 'sable', 'bord', 'vagues', 'coque']
1.572409251104028	0.11736049003438528	['kg', 'gerfaut', 'pain', 'café', 'bière', 'repas', 'salade', 'jambon', 'kaltz', 'secrétaire etat']
1.5635197280792825	0.11992890637040518	['ravot', 'fourrures', 'atelier', 'gués', 'coqs', 'doutes doutes', 'badineau', 'atelier ravot', 'trash', 'aubel']
1.5519469990757495	0.1224768782437919	['bruder', 'pensionnat', 'agrippale', 'enfance', 'cécile bruder', 'goulade', 'métro', 'rue', 'vieille', 'poules oies']
1.4867219434161143	0.1389830742079826	['goudes', 'fonfrin', 'strasbourg', 'lanyon', 'escobille', 'damm', 'ombre image', 'têtes moineau', 'marché noir', 'lherbier']
1.4795184001901294	0.14052606925487227	['arbres pères', 'disent', 'arbres', 'lumière', 'loin mers', 'pères', 'sable', 'tajo', 'branches', 'arbre']
1.4738780524536044	0.14256753711324305	['oc', 'zwickau', 'quim', 'fileclerk', 'schlomo', 'sotte', 'xvi siècle', 'connotation', 'péjoratif', 'saillir']
1.4406445877125766	0.15134892981299025	['cantor', 'adichka', 'divisionnaire', 'divisionnaire coudrier', 'bénédicte', 'musique', 'coudrier', 'crapauds', 'colique', 'cornets']
1.4400318207395166	0.1515763129916244	['cilima', 'ribeauvillé', 'garçon', 'langlais', 'décrochage', 'skinner', 'sammel', 'normaliens', 'perlouze', 'effaçoir']
1.440031820739514	0.15157631299162524	['ruthery', 'abassa', 'grivel', 'cadavres', 'roches brûlantes', 'camp ennemi', 'joiry', 'cratères', 'noémi', 'turcs']
1.4117469164903762	0.15960798611768304	['sodomite', 'swede', 'demandions', 'directeur adjoint', 'intolérance', 'demain demain', 'adjoint banque county', 'directeur adjoint banque', 'adjoint banque', 'banque county']
1.4060973576923685	0.16115558378614794	['murs', 'château', 'fenêtres', 'mur', 'étage', 'porte', 'maison', 'rue', 'entrée', 'maisons']
1.3876174285932934	0.16730701820136265	['bradmer', 'sable', 'plage', 'aventurent', 'vagues', 'capitaine bradmer', 'barils', 'nuits', 'habits', 'coprah']
1.3628813604641723	0.1749748268916466	['brumbaugh', 'bétail', 'ranch', 'seccombe', 'venneford', 'betteraves', 'centennial', 'éleveurs', 'terre', 'skimmerhorn']
1.3390942425155419	0.1820480411432011	['cheval', 'skiath', 'soso', 'jument', 'appelle cheval', 'manilo', 'baulino', 'chevaux', 'marcheret', 'demné']
1.3246627566095872	0.1868156678854345	['fortineau', 'romanov', 'méry', 'chanfond', 'brochette', 'stéphanie', 'keraij', 'rené', 'rodes', 'chanfond voix']
1.3230038367574322	0.18744122692932494	['joëlle', 'régis', 'magnani', 'monter barque', 'moxo', 'raybaud', 'cantor', 'veux', 'combat zone', 'demandé pouvais']
1.3072564389656507	0.1931435692928903	['bataillon', 'biên', 'diên biên', 'diên', 'viets', 'parachutistes', 'compagnie', 'lieutenant', 'légionnaires', 'pc']
1.2685623789540623	0.20571771264622402	['cigarette', 'cigarettes', 'fumée', 'tabac', 'paquet', 'fume', 'fumer', 'alluma', 'dis', 'cigare']
1.248577059649944	0.21318991821411784	['musiciens', 'baroda', 'musique', 'houwa', 'velasquo', 'chef piste', 'tables', 'sanguinetto', 'orchestre', 'harid']
1.2291921015603449	0.22068026155584394	['boaras', 'meymuna', 'rêve', 'abassa', 'enveloppée manteau noir', 'calife', 'taël regardèrent', 'rouler rouler', 'rêve rêve', 'hommes patrouille']
1.2291921015603444	0.2206802615558442	['brubaker', 'michèle', 'dors', 'raser jambes', 'descends', 'heineken', 'daumier', 'air coup', 'raser', 'godillots']
1.2291921015603438	0.22068026155584436	['feldman', 'ans signifiait', 'papier absorbant', 'faut constituer', 'capitaine port', 'répond', 'constituer dossier', 'bonblanc', 'régnerait', 'petits jeunes']
1.1923128411644257	0.23454067461012373	['mère', 'savait', 'père', 'ans', 'femme', 'aimait', 'jour', 'voulait', 'faisait', 'enfants']
1.1677901652154046	0.24432813747899645	['cholly', 'breedlove', 'mutin mutant', 'bidule', 'dis', 'connaissons', 'mort lente', 'frédéric', 'luge', 'mutin']
1.167555079718196	0.2448478753206875	['peintre', 'boîte', 'atelier', 'mère', 'boîte neuve', 'hirondelle', 'dessiner', 'devais', 'peindre', 'sentais']
1.1400641394943203	0.2557606150178586	['massom', 'ulm', 'ferrières', 'glucken', 'costermann', 'higenroth', 'révérend dinsmore', 'jov', 'chabrand', 'obscurantisme']
1.1130411471302688	0.267116020159428	['huile', 'panne', 'bricoleur', 'pouvez ignorer', 'étrave', 'panne externe', 'moteur', 'station', 'eboe', 'pression']
1.1075337898259336	0.2695434747867859	['archim', 'gouvernement', 'politique', 'aragonès', 'senfout', 'général', 'edijha', 'parti', 'beyle', 'japcase']
1.1000175432143218	0.2728211303914335	['posador', 'arquebuse', 'bejardy', 'baisée', 'appelait geneviève', 'habité quartier', 'quartier', 'dû retenir', 'geneviève', 'couture']
1.087091427611426	0.27876368216428626	['fintan', 'maou', 'fleuve', 'onitsha', 'omerun', 'marima', 'maou fintan', 'pikni', 'rodes', 'pont']
1.0649274751641364	0.2886207630648444	['edmée', 'andré', 'consul', 'andré edmée', 'bonnard', 'masselot', 'shanghaï', 'arquebuse', 'dorigen', 'styron']
1.0579179376204562	0.2913861293457556	['roches', 'broken', 'rivière', 'construction', 'minéraux', 'bâtiments', 'jent', 'vaisseau stellaire', 'granité', 'edmée']
1.0570596233908578	0.29216239712010555	['red', 'noirs', 'blancs', 'viêt', 'ballard', 'noir', 'broederbond', 'blancs noirs', 'délégué', 'apartheid']
1.054131159382632	0.2930134915367462	['choulon', 'hülle', 'méry', 'voix', 'mulé', 'grosse bête', 'brockmeier', 'briancourt', 'parut', 'sûr']
1.0402858184810566	0.2997372817984008	['corps', 'âmâme', 'corps ouvriers', 'capitano', 'tenues', 'visages', 'jakt', 'vivants', 'âme', 'objets']
1.0289040515803503	0.30473511680061904	['émilie', 'photo', 'photos', 'skinner', 'oncle', 'plankaert', 'bayview', 'quince quince', 'pain epice', 'epice']
1.02890405158035	0.30473511680061927	['viaduc', 'valjean', 'gare', 'périphérique', 'quartier', 'gerfaut', 'rue', 'sarazat', 'circulation', 'jov']
1.0206966020304027	0.30906343062112196	['rhada', 'prisko', 'djinnih', 'soldat', 'nomade', 'tribu', 'camions', 'yané', 'boïdus', 'nomades']
1.0044737030841644	0.31660993722517844	['avion', 'pilote', 'réacteurs', 'atterrissage', 'appareil', 'vitesse', 'hile', 'parachute', 'kilomètres', 'moteurs']
1.0000000000000027	0.3189426803674727	['delahaye', 'martinov', 'hélène', 'gourdel', 'galerie', 'réparaz', 'rue amsterdam', 'dépôts consignations', 'consignations', 'caisse dépôts consignations']
1.0000000000000024	0.3189426803674728	['olbram', 'peterborough', 'toilettes', 'lecture', 'offre ténèbres', 'futur', 'présent', 'cœur', 'laraire', 'ténèbres']
0.9999999999999986	0.31894268036747475	['camier', 'parapluie', 'camier veux', 'camier camier', 'hélène', 'loin camier', 'omni', 'conaire', 'camier faut', 'agent']
0.9854926314776095	0.32550131592945364	['tokyo', 'twern', 'horc', 'djalaluddin', 'togaïl', 'helvin', 'treuffais', 'claymore', 'twern veux', 'merbok']
0.9685773184250196	0.3342442248412889	['fœtus', 'embryon', 'sperme', 'mère', 'ommach', 'bébé', 'bébés', 'mères', 'ventre mère', 'naître']
0.9600672818357464	0.3378406753994969	['chiens', 'kehlweiler', 'akrèn', 'animal', 'porte', 'tête', 'bête', 'sukie', 'yeux', 'dogtinder']
0.9595422709404474	0.33848532105101325	['thackeray', 'strychnine', 'boulettes', 'glacière', 'bardot', 'cru allait frapper', 'parenthèse', 'chasse eau', 'lavigie', 'cadeau']
0.9522743149722316	0.34250706607777626	['phallocrates', 'timbres', 'jérémie', 'annonces', 'ans', 'abstenir', 'cave', 'timbres poste', 'maturité', 'bretonne']
0.9445816437803436	0.3464096932223586	['éthel', 'sarramanga', 'strondberg', 'vargas', 'motxoteguy', 'krug', 'moxo', 'vitti', 'remercieras', 'delassane']
0.9442161279723116	0.3462032197023388	['saucisse', 'bricoleur', 'mulé', 'faucon glace', 'duralumin', 'chaussons course', 'fit mulé', 'nuage', 'troupeau', 'bronco']
0.9427348339230608	0.3466317726020872	['carvil', 'grande terre', 'vextase', 'djemine', 'pirates', 'île', 'pointus', 'véra', 'soldats japonais', 'soldats']
0.9186434424873517	0.3594634490406253	['hastur', 'montray', 'terriens', 'hartani', 'comyn', 'tenebrosa', 'langue', 'langage', 'beckers', 'thendara']
0.91165119150322	0.3631552184025223	['akrèn', 'ennian', 'gogleth', 'nédan', 'taor', 'sieur', 'rojfessa', 'chaman', 'baltagui', 'dogmæl']
0.8935697935406335	0.37221217788260497	['seagull', 'moonbird', 'oiseau', 'ailes', 'skiz', 'birdlip', 'oiseaux', 'baccarat', 'dragon', 'insecte']
0.8861902773622751	0.37692906957635397	['tatav', 'luda', 'jov', 'rakoff', 'harmonium', 'buissonnets', 'lunora', 'bossard', 'crés', 'réfectoire']
0.8786369833970424	0.3809668365756185	['bataillon', 'pc', 'viets', 'légionnaires', 'bigeard', 'artillerie', 'lieutenant', 'langlais', 'assaut', 'officiers']
0.8746912457185061	0.3829517475304205	['baroda', 'jath', 'jath baroda', 'moscou', 'chryse', 'vodka', 'tabasco', 'comlink', 'hallingkar', 'adichka']
0.8474824865302645	0.39805869810068484	['spinelli', 'mellors', 'trésor', 'führer', 'contemple', 'spinelli regarde', 'conseil administration', 'lève mains', 'reprend', 'vieilles connaissances']
0.8473107782162869	0.3979088381792356	['bledd', 'chapeau', 'candidat', 'moïse', 'serpendeau', 'curedent', 'josephson', 'clown', 'tübingen', 'plankaert']
0.8458728434085659	0.39879393474787816	['alcool', 'nécrozones', 'eichbrunn', 'sébastien', 'jeb', 'commandant', 'faisait éloge', '8e escadrille', 'rajouter', 'adénosyne']
0.8125806942837321	0.41701924968377546	['yudel', 'ptorn', 'crack', 'bross', 'weizmann', 'rooney', 'chapeau pardessus', 'aamma', 'allez', 'sadève']
0.7805859316571866	0.435933988089361	['brunebroucke', 'renée', 'helvin', 'loussa', 'chanson', 'babylone', 'demanda case', 'case', 'brenàn', 'cube']
0.7805859316571864	0.435933988089361	['crumbs', 'bross', 'signore gambini', 'gambini', 'chocolaté', 'puppy', 'signore', 'chocolaté mulligan', 'décorateur', 'mulligan']
0.7581531363554321	0.449212884767931	['dollars', 'veux', 'banque', 'millions', 'somme', 'schots', 'payer', 'demande', 'frais', 'leonards']
0.7504746241091212	0.45397398313965664	['flocon', 'désincorporation', 'hawthorne', 'vieille', 'pension', 'conteur', 'rachat', 'adébenn', 'penn adébenn', 'dégoût yeux']
0.7411114801494191	0.4594115942607325	['film', 'pubs', 'weller', 'cinéma', 'producteur', 'cinématographique', 'chameau', 'tournage', 'publicité', 'bailor']
0.7137518364500204	0.47620712947066024	['fintan', 'meroë', 'cready', 'maillot', 'haie', 'gâteux', 'fossette', 'fleuve', 'maillot mort', 'dents']
0.7085833761616822	0.47942884612709236	['route', 'kilomètres', 'arbres', 'autoroute', 'voiture', 'chauffeur', 'récifs', 'ennian', 'paysage', 'pont']
0.6968613414595212	0.48686581592225386	['baldridge', 'collège', 'pleurer fatigue', 'manqué chose', 'réunir affaires', '42 crew', 'crew', 'singerie', 'mère', '42']
0.6519174579774997	0.5151515509869504	['président', 'rossinante', 'ministre', 'darnish', 'hulvey', 'gouverneur', 'présidente', 'politique', 'packer', 'busheïn']
0.6415103744207157	0.5218601356934682	['fleurs', 'sénateur', 'régine', 'stauminaup', 'feuilles', 'noires', 'boutons mandarins', 'jaunes', 'mme matchett', 'piscine']
0.6358182440020347	0.5255412639824258	['aimer', 'frédi', 'fouldroule', 'veux', 'amoureuse', 'dis', 'vivre', 'sentiments', 'tooley', 'cœur']
0.6298556336301481	0.5294655518035403	['fleurs', 'bohrt', 'fleuve noir', 'orchidée', 'pissenlit', 'cécile', 'portugais', 'mandahar', 'fouldroule', 'fleuve']
0.6298556336301464	0.5294655518035415	['okawho', 'rédemption', 'edius', 'arbres', 'mont', 'vent', 'temen', 'incidentes', 'guettes agiles', 'guettes']
0.6195366483961804	0.5364039928330437	['seigneur gueux', 'gueux', 'isambour', 'vavasseur', 'seigneur gueux antimus', 'gueux antimus', 'antimus', 'seigneur', 'ministre duroy', 'djent']
0.6132444976833346	0.5405134602086745	['mugnier', 'siboni', 'amérique', 'loin amérique', 'léoni porte', 'fouille dossier', 'amérique loin', 'socialos', 'picabia', 'pieds trottoir']
0.5907918774845123	0.5553082790001442	['jourdaine', 'béni', 'oï', 'oï tîkî', 'tîkî', 'mamette', 'saurien', 'concourle', 'ibère', 'terango']
0.589019928849928	0.556592007385909	['swigert', 'pilote', 'zawech', 'haise', 'selmer', 'module', 'module commande', 'szellam', 'szellam ghur', 'ghur']
0.5782623726022826	0.5636604866976392	['gauchet', 'sern', 'dangeolet', 'bureau', 'provincial', 'bauchet', 'sernine', 'souffries', 'documents', 'sern gauchet']
0.5744632087301215	0.5662355290278069	['terrasse', 'cemp', 'jern', 'townsend', 'savait', 'pyaung', 'piège', 'affer', 'nollet', 'images']
0.555812167763691	0.5788945790639257	['cow', 'fayolle', 'vache', 'porc', 'cuirassier', 'pacotte', 'isel', 'moss', 'gogleth', 'dis']
0.5447686983276203	0.5864340678755476	['quade', 'jumeaux', 'frère sœur', 'thayer', 'frère', 'gémellité', 'sœur', 'quade père', 'enquêtes génétiques', 'rouquines']
0.5357098157887821	0.5927881362082332	['malaussène', 'corrençon', 'cercaire', 'dolgorouki', 'zabo', 'majesté', 'stojilkovicz', 'thérèse', 'flic', 'ponthard']
0.5310224296091228	0.5959692129847054	['pilon', 'scellés', 'labatti', 'banque', 'quimby', 'mourier', 'banques', 'slater', 'percepteur', 'chèque']
0.5155207897154631	0.6068552584775411	['léoni', 'tardiveau', 'aubertet', 'mugnier', 'boucheseiche', 'gourel', 'rageblanc', 'cuttoli', 'crémière', 'fajon']
0.46710039570418693	0.6410405826922363	['tokyo', 'nagisa', 'vois yeux', 'burano', 'cantrell', 'jungle', 'aimaina', 'kimura', 'japonais', 'yasujiro']
0.45713032433674283	0.6479870491963239	['veau petits', 'veau petits pois', 'kirsch', 'procacci', 'café', 'arrachais', 'mme procacci', 'tss', 'retire doucement', 'flacon kirsch']
0.3854333301762454	0.7003151650308237	['guitare', 'musique', 'madé', 'piano', 'danse', 'jarisme', 'musiciens', 'orchestre', 'salieri', 'watch']
0.35868252370673226	0.7200885606753001	['sbire', 'noséné', 'télévision', 'télé', 'science noire', 'miramion', 'médias', 'pinocchio', 'science', 'étranges créatures']
0.357807722748161	0.7208365328811382	['achron', 'argyropoulos', 'chauve', 'corson', 'assommait', 'foran', 'zôl', 'errull', 'zôls', 'guerres']
0.3567009569285938	0.7216453864945058	['swwfw', 'gratinée', 'décati', 'rémy', 'valleroy', 'aimline', 'keîsey', 'klyd', 'médiateur', 'oligarche']
0.3567009569285937	0.7216453864945058	['soldat', 'stéphan', 'armée', 'step', 'insigne', 'lieutenant', 'voir note', 'flamme réchaud', 'tire bouffée', 'démissionnez']
0.32974520119839285	0.7418147215542525	['bascus', 'madu', 'bailea', 'flic', 'police', 'vagabond', 'mellors', 'haymann', 'policier', 'cruiser']
0.3117200282766905	0.7555307635308617	['abdiquai', 'cornouailles', 'père', 'mère', 'femme camarade', 'rivelli', 'embrassé femme', 'attachée cou', 'fitzhoward', 'iseut']
0.30510143488383706	0.7605403995360955	['jago', 'thackeray', 'cribb', 'orlo', 'suchman', 'radstock', 'chanfond', 'remettent', 'commanditaire', 'cabriolet']
0.30510143488383684	0.7605403995360958	['carrier', 'selmer', 'tomek', 'os seiche', 'fender', 'seiche', 'jonis', 'orchestre', 'weller', 'rossinante']
0.2989859739088037	0.7651790985102562	['jambon', 'angèle', 'pain', 'raphaël', 'légumes', 'affaire rèche', 'buizeness', 'steack poivre', 'mimizan', 'frites']
0.28081854324244054	0.7790649672596345	['centenier', 'tombaugh', 'épée', 'avancement', 'attendais', 'forestier', 'béatrix', 'mort sépare', 'hegel', 'grayswandir']
0.24471257870774402	0.8069564425373605	['gazol', 'méry', 'porte wagon', 'profitendieu', 'quai', 'zoé', 'caloub', 'fredrika', 'phébé', 'consul']
0.24145014723537817	0.8093854742287592	['blues', 'musique', 'alladale', 'clarinette', 'jouait', 'haguenier', 'chanson', 'sex pistols', 'pistols', 'trompette']
0.23847522553216166	0.8115994094780923	['hervé', 'françoise', 'andigné', 'cadoudal', 'chouans', 'grisolles', 'hozier', 'rouen', 'royalistes', 'charrettes']
0.2274577322646935	0.8202453462302794	['englemont', 'gisèle', 'table orientation', 'chambre', 'garage face', 'avenue', 'kirschner', 'cartaud', 'baden', 'valise']
0.22743968248408475	0.8201631663333989	['catlin', 'dieux', 'chinois', 'bronzes', 'tzu', 'congrès', 'qin', 'lusitania', 'flotte', 'démosthène']
0.22336029955733336	0.8233550988163977	['shakespeare', 'carnivore', 'nicodème', 'limaces', 'frédi', 'macbeth', 'crâne shakespeare', 'sentier', 'représentation', 'tubulure']
0.21766074972106522	0.8279385970885815	['shaquille', 'poisons', 'phébé', 'aggloméréville', 'soupe', 'anédrine', 'laney', 'bix', 'prescrivent', 'bix phébé']
0.20661868766635036	0.8364430659819325	['bross', 'battysens', 'weller', 'szimak', 'carenheim', 'népo', 'charboll', 'solnès', 'citizen', 'vinkler']
0.16211598593287047	0.8713493560390162	['émile', 'viard', 'tozzi', 'tchad', 'rouvre', 'stratton', 'missouri', 'mme rouvre', 'liverion', 'restez responsable']
0.15874216613457334	0.8739947544274993	['monkey', 'singe', 'godall', 'ziggy', 'dr zujaran', 'zujaran', 'singes', 'scuffles', 'casaubon', 'aw']
0.14871821530677753	0.8818985342062426	['broehm', 'innid', 'copeau', 'raphaële', 'innid brennen', 'brennen', 'viard', 'multimate', 'système noétique', 'feintes']
0.14157980844175191	0.8875107272117727	['poupée', 'poupées', 'mauffat', 'greublis', 'libellule', 'jouets', 'alêne', 'titou', 'poupée poupée', 'gosses']
0.1295826351231937	0.8970175382550383	['mme albici', 'knackbusch', 'terre sautées', 'pommes terre sautées', 'albici', 'meubles', 'mcgowan', 'chambre', 'sautées', 'confrère']
0.12786990573311405	0.8983494816769649	['professeur', 'école', 'élèves', 'étudiants', 'lycée', 'classe', 'professeurs', 'fredrika', 'année', 'étudiant']
0.07002657668519897	0.9442476086066152	['lieutenant', 'capitaine', 'cops', 'commandant', 'officier', 'chef', 'sanselme', 'général', 'fantin', 'gouverneur']
0.04608446506943402	0.9632601840527	['boamiens', 'boamien', 'ghéridanisol', 'lovdale', 'domologiste', 'maître witz', 'witz', 'possédés', 'monser', 'déase']
0.03923644522031231	0.9687413275925097	['andré', 'edmée', 'méry', 'andrek', 'félicien', 'gosses', 'gosse', 'andré regarda', 'demanda andré', 'couillon']
0.031842608337760994	0.9746117148397071	['clément', 'bejardy', 'sécateur', 'brossier', 'pouchet', 'type', 'tchik', 'vandoosler', 'vauquer', 'bonnot']
0.022318022975978905	0.9822119701127529	['babyphone', 'mère', 'matrix', 'laviolette', 'enfants', 'carista', 'ommach', 'bébé', 'tokyo', 'lucides']
0.01872838519251305	0.9850746977847201	['fédor', 'plani', 'objet', 'flocon', 'pettigrew', 'demander', 'poissons', 'mme wilkins', 'envie', 'œil moscou']
0.010361525557256081	0.9917410629888304	['daily', 'welby', 'monkey', 'justiciers', 'daily mégaphone', 'mégaphone', 'thory', 'presse', 'conditionnel', 'journalistes']
0.006299329767282896	0.9949767407266779	['félix', 'borg', 'gabey', 'ducreux', 'gérou', 'mutants', 'scientifiques', 'collègues', 'génétique', 'touche noire']
-0.10200263361788542	0.9188394281212295	['glace', 'vent', 'froid', 'glacé', 'flocons', 'vent glacé', 'tempête', 'nuit', 'woji', 'traces']
-0.10745111276287887	0.9145235654682348	['piscine', 'geddes', 'beach', 'eau', 'eivor', 'edmonds', 'sosso', 'ruiner santé', 'göran', 'fantin']
-0.10904646000123142	0.9132645905778247	['robe', 'oklie', 'broche', 'oklie dodds', 'sulie', 'dodds', 'bazelle', 'fermoirs', 'pull', 'etait']
-0.12442854262802591	0.9010469680040784	['carnivore', 'nicodème', 'shakespeare', 'viande', 'bête', 'azna', 'tunnel', 'étang', 'serpent mâle', 'limaces']
-0.12553152018922012	0.9001934214100149	['sandwich', 'verdhuren', 'michèle', 'raybaud', 'wexford', 'crapule', 'mantoff', 'laviolette', 'ennemie numéro', 'novacek']
-0.12809626986859796	0.8981717829177458	['leguennec', 'vandoosler', 'beautés', 'jov', 'enfer', 'créateur', 'sexe', 'hervé', 'tripatouiller', 'bretelle fusil']
-0.14373130598718806	0.885805844292767	['eristan', 'pfui', 'sociétés', 'silverson', 'développement', 'santarém', 'milliards', 'sciavoni', 'civilisation', 'usines']
-0.14738618867172706	0.882930681672951	['quince', 'téléphone', 'pengo', 'eggers', 'dr', 'dr téléphoné', 'téléphones publics', 'prévenons', 'zander', 'affaire pohl']
-0.15133486142073613	0.8798275769225605	['kernik', 'œuf bleu', 'villageois', 'hipprone', 'bufo', 'œuf', 'corson', 'âalkâ kâa', 'kâ âalkâ', 'âalkâ']
-0.16603259166948278	0.8682141590485482	['desprats', 'cité', 'appartement', 'garlonne', 'séréna', 'ostrer', 'vraiment', 'wishman', 'demanda', 'regarde']
-0.2206971577685641	0.8254799490845004	['papier', 'cagliostro', 'farmer', 'titre', 'audiat', 'titres', 'journal', 'journaux', 'yudel', 'écriture']
-0.2314129471412414	0.8171988743773475	['môle', 'chef informations', 'ïî', 'warum', 'mongolo', 'flugman', 'mlle dupré', 'tatav', 'valleroy', 'klyd']
-0.2897559483688943	0.7721773401383245	['évelyne', 'pistodard', 'labrador', '88', 'transmat labrador', 'mis défi', 'transmat', 'krug', 'ordinateur', 'jours']
-0.2897559483688946	0.7721773401383241	['datsun', '1995', 'pain maïs', 'marocain', 'docteur stahlmann', 'stahlmann', 'permissif', 'nebbi', 'table couche', 'couche']
-0.29168951531042053	0.7708050353409803	['profitendieu', 'massé', 'molinier', 'tombait malade', 'joëlle', 'billots', 'mme cochart', 'cochart', 'hulotte', 'suggère']
-0.29266524032632435	0.7699752135691136	['treuffais', 'gardella', 'baher', 'boltover', 'bledd', 'pennaroya', 'xerox', 'blackie', 'copeau', 'poniachet']
-0.29660925920846204	0.7669562472366327	['patillot', 'bylol', 'haas', 'brevets', 'tidal', 'laney', 'nymphettes', 'western', 'corporation', 'tarte citron']
-0.29933636426265037	0.7648595213014315	['thérèse', 'françois', 'agnès', 'fiancé', 'lenno', 'épouser', 'joëlle', 'félicité', 'grenoble', 'mariage']
-0.3026887387269274	0.7623547098821399	['ewell', 'gribben', 'ryker', 'sirany', 'groberg', 'vialles', 'mme groberg', 'greenford', 'framley', 'brandshaft']
-0.30397305154897364	0.7613603148733932	['xemahoa', 'piggies', 'docteur burmeister', 'burmeister', 'lidla', 'poupée', 'séjour', 'overdose', 'mal commencer', 'fibre maternelle']
-0.30397305154897414	0.7613603148733931	['courcy', 'numéro', 'numéro numéro', 'haymann', 'os', 'jaguar', 'voies', 'drancy', 'fabricants', 'parallèle gauche']
-0.3119140179991176	0.7553426537832298	['horner', 'brigadier', 'bureau', 'coffre', 'taël', 'grégoire', 'ronsac', 'newcastle', 'lumière suppose', 'commissaire jessling']
-0.31191401799911767	0.75534265378323	['avion', 'pilote', 'orloff', 'selmer', 'singapour', 'nielsen', 'appareil', 'whitewell', 'dearborne', 'piste']
-0.31191401799911794	0.7553426537832296	['pecola', 'standish', 'creevy', 'genoa', 'bébés', 'finch', 'trappe descendit', 'endroit habiter', 'mercière', 'orlo']
-0.3390810965511548	0.7348033715686451	['raphaële', 'oxan', 'cantor', 'vorst', 'donofrio', 'roditis', 'galettes', 'markusby', 'log', 'ethéré']
-0.3492842965955125	0.727213487917957	['père', 'rendall', 'sambro', 'enfants', 'certificat naissance', 'péché', 'classe', 'naissance', 'parents', 'mère']
-0.3542455517762852	0.7232868435502664	['sss', 'nodles', 'système solaire', 'solaire', 'mec', 'ver sable', 'système', 'ver', 'sphère bureau', 'incultes']
-0.3672948774184869	0.7136409719668038	['turcotte', 'lescadre', 'commodités', 'sernine', 'skiath', 'sieur eugène', 'fraya chemin', 'inspecteur suivit', 'reprit bernold', 'port']
-0.3811507408414959	0.7033742066248991	['keif', 'disquette', 'norsworthy', 'rire', 'bigeard', 'monkey', 'végète', 'aimline', 'foule retourne', 'weller']
-0.3811507408414963	0.7033742066248989	['glair', 'toledo', 'tileman', 'hemming', 'dr tileman', 'michèle', 'lapointe', 'michèle veux', 'vieilles dames', 'frères mémoire']
-0.43233720430217737	0.6658842740593581	['hallingkar', 'poona', 'pd', 'daïren', 'mmi', 'uelil', 'félicien', 'planteur', 'jumbo', 'œufs œufs']
-0.43601300304062385	0.6630924500806445	['vorst', 'souvenirs', 'déconditionnement méditatif', 'déconditionnement', 'méditatif', 'film', 'mésange', 'veux composer', 'closter', 'rencontrée semaine']
-0.43956624090909613	0.6604204850411131	['tenebrosa', 'amazones', 'amazone', 'comyn', 'terrienne', 'montray', 'margali', 'serment', 'hastur', 'guilde']
-0.4685670234476931	0.6397362526961765	['survivants', 'manenkov', 'gaël', 'ludvîk', 'mme dawkins', 'jeanmaire', '575', 'recensée', 'ambition', 'sexomorphe']
-0.4711925208469757	0.637846458025075	['bateau', 'gee', 'twain', 'eau', 'shrimp', 'cabine', 'barque', 'quai', 'périclès', 'prisko']
-0.5050790149979822	0.6139482303614605	['police', 'jurgensen', 'combat', 'creyenna', 'colombaud', 'flic', 'timovie', 'lvt', 'illégale', 'brandshaft']
-0.5071537948824992	0.6122438215073593	['regarda', 'fit', 'campement', 'ciré', 'répondit', 'chandail', 'pistolet', 'demanda', 'fileni', 'poncho']
-0.5303367103339482	0.596340672256791	['miroul', 'mcfee', 'lestandi', 'bretonnet', 'table', 'rue', 'préjean', 'ouais savait', 'lathrop', 'latin']
-0.5392438194756053	0.5899285179703146	['jalak', 'lolli', 'donjon', 'aamma', 'minalde', 'snel', 'gisèle', 'faucon glace', 'arbrerocs', 'isambour']
-0.544611769457194	0.5863065958963801	['phœnix', 'geeking', 'calder', 'éditions phœnix', 'laouedj', 'tests', 'entrepreneurs', 'secrétaire présidente', 'directeur adjoint', 'éditions']
-0.5526829002772007	0.5806946266980301	['dumire', 'shérif', 'beckford', 'gribben', 'morrington', 'smithtown', 'stringer', 'smiley', 'bernstein', 'découpeur']
-0.5625223889398622	0.5740008084298598	['valérie', 'film', 'granget', 'acteurs', 'césars', 'citizen', 'acteur', 'espionnage', 'films', 'cinéma']
-0.5666001262497705	0.5714051086193916	['mourier', 'beckett', 'hamway', 'lauderdale', 'lenormand', 'flics lauderdale', 'tueur dépeceur', 'wexford', 'dépeceur', 'puissance infinie']
-0.6407044684521596	0.5221387430178699	['science', 'machines', 'scientifique', 'citizen', 'scientifiques', 'antéchrist', 'heptangle', 'siècle', 'laboratoire', 'culturellement']
-0.6978568388107665	0.4857519144714425	['cio', 'mme albici', 'mlle siltanen', 'albici', 'allez', 'siltanen', 'caria', 'stepford', 'saw', 'etje']
-0.7153949362883386	0.4746718106568065	['adolescent', 'mccrae', 'déteste déteste', 'desjardins', 'voir père', 'pendleton', 'père', 'déteste', 'agréablement narines', 'écouta femme']
-0.7204433677967513	0.47172836411857777	['créativité', 'contrariété', 'vorst', 'dessin', 'hot dogs', 'dogs', 'peintre', 'faux soldats', 'ravot', 'regain']
-0.7425365179690806	0.4583322974894013	['whitewell', 'mariage', 'corla', 'métilde', 'novinha', 'femme', 'lettre', 'cholen', 'allait', 'aimait']
-0.752718847844953	0.4521534912133426	['maestro', 'goussault', 'palachek', 'manenkov', 'goulade', 'hervé', 'trentin', 'mugnier', 'pâtissier', 'dancourt']
-0.7598052610458509	0.4477138029092108	['caria', 'voix caria', 'âme midinette', 'chérie', 'venatici', 'caria voix', 'véritable assassin', 'automaster central', 'détournées', 'parfaitement courant']
-0.7656129812505253	0.4444171540474291	['daïren', 'noé', 'hulann', 'froid', 'ladier', 'skis', 'zeltran', 'lohiro', 'lanières cuir', 'naoli']
-0.7836505050931113	0.43360801033642205	['transformationalisme', 'weller', 'steinhardt', 'pissaro', 'adhérents', 'scénario', 'longs métrages', 'mouvement', 'transformation', 'métrages']
-0.814762169302276	0.41594038580762704	['heures', 'demain', 'semaine', 'pouvais', 'matin', 'viens', 'heure', 'choses', 'valupeyk', 'apporte traductions']
-0.8235028835668251	0.4106858137904308	['jirel', 'talhael', 'lumière', 'jent', 'noiroir', 'splendeur', 'nuit', 'évariste', 'étoiles', 'tonnerre']
-0.8302232524172658	0.4068321074315996	['anelo', 'boule', 'santardi', 'maxmo', 'boule anelo', 'coffre', 'fit boule', 'côté anelo', 'bière', 'musicos']
-0.834007654065443	0.4046833680619907	['masters', 'broehm', 'mittend', 'masters père', 'malevic', 'utgers', 'ints', 'glencairn', 'obdan', 'masters trouve']
-0.8396534334956871	0.40149159766221754	['nizan', 'salignac', 'césar', 'arrezzi', 'béarnais', 'lettre', 'maître', 'setter', 'béarn', 'orléans']
-0.8480634094724089	0.39680179455700615	['riant', 'chandail', 'retourna', 'fit', 'ciseaux', 'sourit', 'souffla', 'ramassa', 'embrassa', 'rire']
-0.8812417077233758	0.3786905106633949	['élèves', 'dodd', 'moss', 'néfar', 'andouillette', 'surveillante', 'classe', 'lacayo', 'école', 'danaëlle']
-0.8828986255808464	0.3776889529283759	['valérie', 'granget', 'archiduc', 'cécile', 'sernine', 'françois', 'cyllirie', 'michèle', 'pierrou', 'thérèse']
-0.8889601223899579	0.3746041557421267	['fêlure', 'coup foudre', 'gimlet', 'foudre', 'larbins', 'décidé coopérer', 'grandes mains chaudes', 'cheville', 'nabote', 'lupin']
-0.8907870699078216	0.37350939080765944	['roditis', 'santoliquido', 'persona', 'noyés', 'dybbouk', 'oncle', 'transplantation', 'persona oncle', 'donahy', 'hoptère']
-0.8923226463527913	0.37265339642854534	['kalle', 'göran', 'saucisson', 'léna', 'plan kalle', 'trésor', 'göran vestberg', 'vestberg', 'mellors', 'supposons']
-0.9116254414250063	0.3624403475355118	['valleroy', 'klyd', 'médiateur', 'simes', 'zeor', 'hrel', 'sectuib', 'nashmar', 'tentacules', 'imil']
-0.915317619782599	0.3605081508744731	['ingold', 'lohiro', 'sorcier', 'ténébreux', 'archimage', 'quo', 'bâton', 'vieil', 'lngold', 'sorciers']
-0.9191354900872524	0.35848908375390764	['bélugas', 'seal', 'eisley', 'avion', 'têtes', 'flocons avoine', 'lèvres', 'vancouver', 'île', 'éveiller']
-0.9191354900872524	0.35848908375390764	['prentiss', 'mme prentiss', 'tempest', 'mme', 'géante', 'carrisbeck', 'parsons', 'mme parsons', 'mère', 'mme tempest']
-0.9192145940681782	0.35864271641846335	['garnel', 'pradon', 'lle deroze', 'tache', 'moniteurs', 'deroze', 'profitendieu', 'proposition', 'lle', 'piove']
-0.9192145940681805	0.358642716418462	['montreux', 'colleys', 'géronimo', 'voiture', 'androïde', 'montana', 'camion', 'route', 'mettre automatique', 'triss']
-0.9273461539118332	0.35421826616285124	['gomina', 'noël', 'sœur', 'kimball', 'sapin', 'baiser', 'caribou', 'dollars', 'skis', 'boule']
-0.9298192840558427	0.3531980010966087	['corps', 'yeux', 'visage', 'mains', 'tête', 'coup', 'jambes', 'fit', 'gauche', 'cheveux']
-0.9451989850327164	0.3449857126772755	['chambers', 'scorpion', 'barlow', 'léonid', 'prit', 'désir', 'veux', 'voulut', 'chambre', 'voiture']
-0.9560974029919425	0.33978952980493626	['torrez', 'paquelin', 'lanquetot', 'steinhardt', 'mme aubertet', 'felden', 'commissaire', 'teal', 'quertier', 'voiture']
-0.9727346558273066	0.33112891717599313	['michaël', 'bogie', 'nouvelle orléans', 'orléans', 'bungalow', 'femme', 'casbah', 'pourtant', 'accident', 'porte']
-0.987837498796635	0.32374572021455383	['weller', 'franker', 'steinhardt', 'formation', 'transformationalisme', 'dollars', 'institut', 'moniteurs', 'bailor', 'séances']
-0.997302218300598	0.31915058922853745	['abri', 'flanagan', 'murmura', 'toit', 'maisonnette', 'demanda', 'cabane', 'lorsqu', 'envie', 'bière']
-0.9999999999999928	0.3178479217441986	['amazones', 'jerana', 'amazones libres', 'jalak', 'lorill', 'femmes', 'cousine', 'libres', 'chaînes', 'comyn']
-0.9999999999999929	0.31784792174419857	['tileman', 'bitchy', 'courcy', 'médée', 'dr tileman', 'voulez', 'demanda bitchy', 'répondit bitchy', 'angleterre', 'air terrorisé']
-0.9999999999999962	0.317847921744197	['terrain', 'manganèse', 'bluff', 'hood', 'diable terrain', 'question terrain', 'camionnette', 'sluefoot', 'porte parapluies', 'tut tut']
-0.999999999999998	0.31784792174419624	['piggot', 'betts', 'broadwaters', 'alderton', 'manson', 'kenway', 'piggot betts', 'cambriolage', 'mort betts', 'betts piggot']
-0.9999999999999987	0.3178479217441957	['nuit pis', 'pluie battait vitres', 'porte entrée lorsqu', 'battait vitres', 'chargé senteurs', 'entrée lorsqu', 'pluie battait', 'postière', 'frisson glacé parcourut', 'glacé parcourut']
-0.9999999999999991	0.3178479217441956	['corson', 'hipprone', 'aergistal', 'monstre', 'ngal nda', 'ngal', 'nda', 'planète mausolée', 'prone', 'collier']
-0.9999999999999996	0.31784792174419535	['krug', 'watchman', 'krug krug', 'spaulding', 'androïdes', 'vargas', 'transmat', 'alphas', 'androïde', 'cuve']
-1.0	0.3178479217441953	['tortue', 'ombres', 'torrent', 'murmura', 'plaid', 'tartine beurre cacahuète', 'pente devint raide', 'devint raide', 'chiot', 'tartine']
-1.0	0.3178479217441953	['kimble', 'tomne', 'jolis vêtements', 'séduisante', 'embrasser', 'songea', 'robe', 'aimait', 'vêtements', 'sensationnelle']
-1.0000000000000004	0.3178479217441949	['gardella', 'scandura', 'thurston', 'roselli', 'lança', 'lança gardella', 'taire fit', 'gardella faut', 'regard gardella', 'regard']
-1.0000000000000004	0.3178479217441949	['daym', 'aimline', 'seel', 'histrion', 'confed', 'parthène', 'ezaelle', 'ssecem', 'aimlin', 'ramane']
-1.0000000000000029	0.3178479217441937	['gramps', 'temporelle', 'porte temporelle', 'épée', 'larmes montaient yeux', 'bataille', 'montaient yeux', 'larmes montaient', 'sudiste', 'tissu']
-1.0000000000000084	0.317847921744191	['andré', 'poupi', 'andré regardait', 'naples', 'demanda andré', 'leçon tir', 'gosses', 'couillon', 'demanda', 'andré demanda']
-1.0000000000000175	0.3178479217441867	['vados', 'guerrero', 'mendoza', 'cortès', 'mise demeure', 'murieta', 'tiempo', 'hakluyt', 'arrio', 'sra']
-1.012504386569697	0.3117283045275553	['cassiân', 'yrvène', 'sélèn', 'még', 'édouard', 'loumka', 'burr', 'écailles', 'suttondale', 'argyre']
-1.0150691819943123	0.310618297850021	['yudel', 'weizmann', 'majola', 'thandi', 'boutique', 'nieuwenhuysen', 'hymie', 'muntu', 'yudel savait', 'johannesburg']
-1.0183858157071068	0.3090418383351993	['manilo', 'corrio', 'viételli', 'hanse', 'ommach', 'desprats', 'halter', 'cité', 'ostrer', 'regarde']
-1.0209527715246465	0.30808871646957536	['persval', 'clergyman', 'hellroy', 'thuriot', 'twern', 'parrish', 'garrec', 'devait', 'amis scientes', 'whit']
-1.023942209996073	0.30640039661852053	['frédi', 'grundwig', 'théâtre', 'administrateur', 'mme grundwig', 'acteur', 'banquier', 'danemark', 'ophélie', 'voiture']
-1.0247367334074418	0.30603795863953326	['jument', 'femme', 'deaton', 'geste', 'voulait', 'grange', 'regard', 'pourtant', 'sentait', 'cœur']
-1.0260205628723538	0.30543309600010443	['catlin', 'bronzes', 'qin', 'donnel', 'danner', 'taïwan', 'conducteur qin', 'oncle', 'conducteur', 'chinois']
-1.0274448634706927	0.3047629834311133	['byram', 'accident', 'police', 'suicide', 'suicidée', 'affee', 'whitcomb', 'enquête', 'conduisait', 'amersham']
-1.0317952979315432	0.3027222342973996	['knudsen', 'quade', 'thayer', 'boland', 'silverdale', 'patients', 'chantier naval', 'naval', 'psychologue', 'demanda']
-1.0345562952919392	0.3013663388726204	['ruche', 'ruches', 'majats', 'kethiuy', 'guerriers', 'raen', 'bohrt', 'kontrin', 'ouvrier', 'faux bourdons']
-1.0351364371430827	0.30116114081053447	['aimline', 'seel', 'daym', 'ramane', 'gelleï', 'ezaelle', 'ramanes', 'parthène', 'uelil', 'scientes']
-1.0377828688844395	0.2999284629317016	['lefleur', 'nims', 'pepperdine', 'black elk', 'elk', 'lindstrom', 'hamlin', 'boggins', 'lampe', 'incendie']
-1.0425939311293995	0.2976961824414948	['jé', 'humirs', 'mox', '410', 'humoks', 'humir', 'gerkanol', 'organe', '1000', 'cos']
-1.0440332135832409	0.2970305413228185	['bébé', 'mariage', 'femme', 'walsh', 'cœur', 'baiser', 'tendrement', 'ventre', 'larmes', 'répéta']
-1.0460553628956446	0.2960970234339862	['incendiaire', 'émission', 'michaëls', 'palm beach', 'palm', 'beach', 'présent', 'besoin', 'policier', 'voulait']
-1.0474574300217259	0.2954479960489233	['morsi', 'viking', 'saunders', 'déclara', 'spécimen', 'drakkar', 'magnusson', 'poitrine', 'tête', 'nei']
-1.0507126761452683	0.29395449276619956	['sammel', 'larkin', 'bartell', 'darryn', 'wyndom', 'machine', 'machine remonter', 'machine remonter temps', 'sentit', 'remonter temps']
-1.0512992889224826	0.2936853714774901	['jedith', 'ottiz', 'farkie', 'jov', 'addim', 'médaillon', 'jedith jedith', 'dup', 'alféo', 'lière']
-1.0514600064721418	0.29352042542084816	['korwal', 'skiath', 'rassemblement', 'grid', 'khô', 'mælbach', 'demné', 'substance', 'böhninger', 'sleg']
-1.0526354230308568	0.29317102995306943	['crimes', 'meurtre', 'planteguerre', 'rochembert', 'meurtres', 'criminel', 'rampez', 'meurtrier', 'crime', 'quim']
-1.0551455420718432	0.2919249286664065	['cutter', 'skidmore', 'greenville', 'sœur', 'vaches', 'argyle', 'écurie', 'indemnité', 'bêtes', 'femme']
-1.0572297530644466	0.29093479275041306	['mélanie', 'cartolucci', 'père', 'enquête', 'dossier', 'police', 'voiture', 'mathers', 'bureau', 'scandura']
-1.0592337148162294	0.29029838659284357	['jirel', 'yeux', 'visage', 'corps', 'lumière', 'eau', 'cheveux', 'femme', 'tête', 'jambes']
-1.0605776040731028	0.28945079770412174	['jingles', 'grecs', 'follet lait vache', 'follet lait', 'feu follet lait', 'larmes', 'revivre moments', 'fiancé', 'divorce', 'caresses']
-1.0644611801343364	0.28769066375768915	['cromwell', 'homett', 'hornett', 'gouverneur', 'sucre orge', 'androbots', 'farfalou', 'photoïde', 'orge', 'momie']
-1.064721737649161	0.28800411843689955	['pistolet', 'revolver', 'skinner', 'balle', 'carpenter', 'balles', 'calendar', 'baule', '45', 'bronski']
-1.068757083188965	0.28561277668643337	['garçon', 'regard', 'soudain', 'norwood', 'parles', 'femme', 'vraiment', 'rentrer', 'jalouses', 'vivre père']
-1.0721965240483724	0.2842064372937385	['sandorf', 'nadiège', 'stéphane', 'owemberg', 'précepteur', 'winsky', 'régent', 'volnie', 'astianof', 'pétrow']
-1.072783129011962	0.28394338710053874	['mclaren', 'jeb', 'selway', 'grenier', 'couteau', 'arche', 'shirt', 'lianes', 'couteau boucher', 'ténèbres']
-1.0739334983983588	0.28342800935529716	['géorgie', 'théo', 'thornbike', 'mlle thornbike', 'danser', 'montagnes vertes', 'inviter', 'article', 'falls', 'euphémisme']
-1.0784710927464594	0.28140132069109813	['griff', 'wolverton', 'murmura', 'investisseur', 'maison', 'white springs', 'cave', 'clenche', 'lança coup œil', 'escalier']
-1.086646699530684	0.2777746941866633	['hofa', '42', 'jokari', 'trafic', 'ultimate', 'virus gluant', 'redlynch', 'counter', 'mutant counter', 'spectre']
-1.0866466995306858	0.27777469418666256	['mélissa', 'syndrome tascoli', 'tascoli', 'syndrome', 'country club', 'country', 'nièce', 'aperçue', 'stark', 'subaru']
-1.0888861816135103	0.27678687607420727	['whittaker', 'climpson', 'findlater', 'murbles', 'budge', 'wimsey', 'cropper', 'tante', 'crow beach', 'crow']
-1.090533315301847	0.27606187315959135	['bundo', 'salindi', 'marakunda', 'raphaël', 'range rover', 'range', 'rover', 'matope', 'batari', 'trafiquants']
-1.092998764124667	0.27497911055449115	['42', 'trafic', 'vicars', 'buick', 'led', 'pirate', 'led zeppelin', 'zeppelin', '42 crew', 'crew']
-1.0947818118220471	0.2741978561955782	['principale actionnaire', 'marks', 'penser dis', 'winterland', 'fourchette', 'baiser', 'actionnaire', 'sidérée', 'rescousse', 'éclata rire']
-1.1040032267983706	0.2701817237148637	['sindbad', 'hardesty', 'foxgrove', 'geste', 'regard', 'écuries', 'sourire', 'phéronomes', 'deluth', 'cheval']
-1.1045847045149992	0.26992984071065895	['furet', 'mère abandonnée', 'furet fronça', 'chaleur bouche', 'enfants ans', 'orchidée', 'chemise nuit', 'femme inspira profondément', 'femme', 'femme inspira']
-1.10688503452994	0.26884968109595475	['hansel', 'mongolo', 'brouet', 'castelard', 'valérie', 'brossier', 'gamin', 'javelin', 'hansel brouet', 'cécile']
-1.1109507564830505	0.26717643052054324	['kif', 'pyanfar', 'jik', 'sikkukkut', 'hakkikt', 'mahendo', 'dieux', 'chanur', 'hilfy', 'haral']
-1.1154229048693602	0.26515973818933	['vauquer', 'clément', 'sécateur', 'bufo', 'cimetière montparnasse', 'aimais gosse', 'kaputhala', 'ponceuse', 'cimetière', 'lherbier']
-1.1166180528877196	0.2647535242482573	['brouet', 'castelard', 'faradi', 'panthère', 'château', 'gamin', 'roquois', 'valérie', 'dauffrat', 'épaule']
-1.1308541341013851	0.25859511703017624	['hervé', 'angleterre', 'françoise', 'hermely', 'gustou', 'bretagne', 'syd', 'cormier', 'lucrèce', 'général']
-1.1330883088487056	0.25778050196421826	['brago', 'gato', 'rutledge', 'tombstone', 'cheval', 'rancho', 'ranch', 'gato negro', 'negro', 'cass']
-1.16004608541653	0.24664513672617802	['cury', 'standish', 'cité', 'finch', 'leader', 'wil', 'steiner', 'dieux', 'envahisseur', 'lire']
-1.161752757131029	0.24595172661142758	['mccully', 'mlle', 'mme mccully', '1989', 'futur', 'mountainview', '1862', 'prospecteurs', 'larmes', 'evers']
-1.1708927596817194	0.24226153855854052	['orlo', 'lilgin', 'jodell', 'megara', 'savants', 'dictateur', 'ishkrin', 'cité communications', 'higenroth', 'bylol']
-1.1726579096748908	0.24155340173345963	['keraij', 'yor', 'keraïni', 'kerai', 'sehin', 'uruan', 'féhimi', 'kaerdug', 'mâles', 'sélection']
-1.1726579096748966	0.2415534017334573	['biddell', 'poulton', 'chesterton', 'chênaie', 'mme poulton', 'rovnie', 'disputée père', 'détournant conversation', 'tipton', 'fit']
-1.1822647780330844	0.23772497914126034	['sugar', 'mattone', 'rizzio', 'pepper', 'froggy', 'mastragos', 'rizzio mattone', 'regarde', 'renner', 'winchester']
-1.1836636813797625	0.23717111021871298	['rhéa', 'devlin', 'kilconnell', 'bouviers', 'cessna', 'rhéa cormack', 'maclver', 'cormack', 'voulait', 'sébastian']
-1.1915429853887947	0.23412426574618678	['toronado', 'fusil', 'joker', 'pouvais', 'teele', 'springfield', 'ramsès', 'regardé', 'revolver', 'salaud']
-1.199687306280921	0.23148789097093556	['cerveau', 'cerveaux', 'système', 'transplantation', 'intelligence', 'organique', 'synapses', 'anticorps', 'cellules', 'organes']
-1.2116885875830266	0.22626747301803388	['moïse', 'bricoleur', 'curedent', 'josephson', 'puits', 'fourmilière', 'acromégalique', 'dundas', 'broncos', 'moïse sourit']
-1.2206511112909733	0.22285736489911542	['bayview', 'voiture', 'jaguar', 'disquette', 'voiture marron', 'osrek', 'wilcom', 'deely', 'ravisseurs', 'recouvré mémoire']
-1.2316200793895413	0.21873425865947999	['finch', 'caravane', 'inspecteur', 'pont', 'bingham', 'macey', 'demanda finch', 'raccompagner', 'finch yeux', 'finch fit']
-1.2370414940782228	0.21705132103407615	['voiture', 'route', 'chauffeur', 'camion', 'volant', 'voitures', 'véhicule', 'conducteur', 'arrière', 'portière']
-1.250560126080896	0.2118917496205795	['eléna', 'estafette', 'delman', 'âge', 'apercevras', 'mélina', 'manosque', 'oncle écrit', 'drôlement raison', 'machinos']
-1.2731716945387306	0.20352743112550195	['frédi', 'cortexine', 'frédi frédi', 'directives', 'tzu', 'cellules', 'descolada', 'balles réelles', 'enlèverons', 'normaliser']
-1.2731716945387312	0.20352743112550173	['maigret', 'saltram', 'saltram lodge', 'fenn', 'lodge', 'burden', 'lapointe', 'incendiaire', 'demande écoute', 'entrée musée']
-1.2779522982441884	0.201925066428703	['kryn', 'orionis', 'universelia', 'phénix', 'pensants', 'oiseau', 'gahn', 'evguenir', 'joyau', 'tivali']
-1.28601037190088	0.19910075254687565	['lainie', 'spalding', 'atchinson', 'lainie yeux', 'hilliker', 'mariage', 'mère', 'lainie regardait', 'glaciale', 'radley']
-1.286555432577739	0.19886642125622678	['scalia', 'courcelles', 'camping', 'exclama', 'assura', 'demanda', 'congrès', 'clinique', 'bureau accueil', 'caravane']
-1.310271448738274	0.190748334072991	['adèle', 'escudier', 'sourire', 'lèvres', 'littlefield', 'murmura', 'amoureux', 'bouche', 'doucement', 'yeux']
-1.3103477129280723	0.19074665265776372	['murdoch', 'garros', 'frédéric', 'muntz', 'citibank', 'flox', 'annonceurs', 'nicaud', 'oubliez compte', 'smithtown']
-1.3103477129280738	0.19074665265776317	['harker', 'bleu limpide', 'patchett', 'limpide', 'mendiant', 'sutter', 'step', 'harker voix', 'aigle', 'galactique']
-1.3162595689462044	0.1887569872689724	['garrison', 'hmm hmm', 'hmm', 'mariage', 'vraiment cas', 'sentit', 'croyez insista', 'prie', 'chérie', 'désolé arrivé']
-1.3253546467544146	0.18572604023199435	['windspear', 'hodge', 'hurricane bluff', 'hurricane', 'pourtant', 'chérie', 'déjà retard', 'extorquer', 'racheté', 'amandes']
-1.3354296434444506	0.18236461223632347	['valleroy', 'zeor', 'médiateur', 'klyd', 'denrau', 'donneur', 'léopoldine', 'latéraux', 'gallaugher', 'kriebel']
-1.3354296434444508	0.18236461223632344	['wexford', 'ceresola', 'burden', 'rushworth', 'nollet', 'blindé', 'copeau', 'dover', 'rails', 'street']
-1.3401514588894237	0.18075318153182277	['bernstein', 'ondes cérébrales', 'cérébrales', 'weller', 'steinhardt', 'ondes', 'zeltveg', 'lecteur ondes cérébrales', 'lecteur ondes', 'fléau']
-1.3546056102752786	0.1763289265238018	['bouteille', 'sukie', 'verre', 'bière', 'bouteilles', 'tooley', 'verres', 'boire', 'alcool', 'table']
-1.3568131110980433	0.17590908251810355	['verre', 'verres', 'boire', 'pudding', 'mme cipolla', 'cipolla', 'tasse', 'thé', 'grindley', 'irène']
-1.361084855869437	0.174168062784108	['jarid', 'kingkrab', 'yasimin', 'wadaïmo', 'isalko', 'netan isalko', 'netan', 'semeru', 'esquif', 'jarreau']
-1.3718766777062246	0.17078536909215908	['agnès', 'gimlet', 'sœur', 'intermezzo', 'pouvais', 'dis', 'lorenzaccio', 'montre', 'élèves', 'voulais']
-1.3834462453413747	0.16721398950829006	['flaming', 'commandante', 'cluster', 'furst', 'gondelor', 'katzenstein', 'mclasky', 'ismur', 'stengel', 'parapropulseur']
-1.3951124520886882	0.16367008208752398	['manson', 'piggot', 'betts', 'babcock', 'beckford', 'broadwaters', 'sills', 'véranda', 'phosphore', 'docteur']
-1.4108753915286008	0.1589722896792825	['burrow', 'merriman', 'manoir', 'developers', 'atlantic developers', 'atlantic', 'barkeley', 'waters', 'domaine', 'rand']
-1.4143641054125762	0.15794653064117134	['danfield', 'femme', 'murmura', 'regard', 'présent', 'désir', 'compagnon', 'lorsqu', 'colère', 'compagne']
-1.4331596346835167	0.15240750843681825	['tibbie', 'diggan', 'miramonte', 'abuelita', 'soso', 'rawley', 'valoria', 'huff', 'ganaderia', 'mexicain']
-1.433753061210877	0.15233720156577893	['clones', 'frères', 'garçons', 'persona', 'rivière', 'minoterie', 'regarda', 'vallée', 'groupe', 'acquiesça']
-1.4411418366811712	0.15024008354225307	['congrès', 'ansibles', 'planète', 'congrès stellaire', 'stellaire', 'dieux', 'lusitania', 'vaisseau', 'configuration', 'ansible']
-1.457160453789851	0.14560663388357725	['branhaelle', 'muldoon', 'twern', 'djorb', 'monseigneur', 'horcs', 'irlandais', 'elidath', 'tunigorn', 'talhael']
-1.4685833371926216	0.1426445000694312	['michaelson', 'krauch', 'smitty', 'purdy', 'comptoir', 'bateau', 'veux remarier', 'veux', 'serveuses', 'ecoute']
-1.472794287335299	0.14143859543215226	['nessie', 'brockmeier', 'plani', 'matthews', 'sonar', 'finch', 'inverness', 'regarda', 'objet', 'chambre']
-1.4729247573541737	0.14164398692504793	['leaper', 'vêtements', 'irv', 'leviticus leaper', 'leviticus', 'tenue', 'chemise', 'ganimard', 'canot', 'cravate']
-1.4834581846681263	0.13865274661875687	['neille', 'moor', 'trenchard', 'mme moor', 'répliqua', 'dschang', 'virus', 'cuillère', 'mère', 'sonnerie retentit']
-1.5228916782696873	0.12841629516144926	['glair', 'sélèn', 'jakt', 'bouc air', 'hern', 'nacelle', 'bête', 'efforts montrer', 'drone', 'cou bête']
-1.5231818677771791	0.12839603743486805	['radley', 'matthews', 'mère', 'raventhorpe', 'fit', 'bowland', 'ravensdale', 'garçons', 'oddie', 'vacances']
-1.5548021531432095	0.12069617970155559	['quara', 'plikt', 'jakt', 'philotes', 'mirtin', 'novinha', 'mourir', 'propres', 'vaisseau', 'aiûa']
-1.5645136245141305	0.11822873438392455	['hot springs', 'snow', 'springs', 'magasin souvenirs', 'mme snow', 'hot', 'patronne', 'rochebrune', 'tulley', 'dennison']
-1.56575277782251	0.1179673006991625	['murieta', 'beyle', 'soûlas', 'cabinet affaires', 'kgb', 'sigueiras', 'carenheim', 'abbé', 'kgb envoyé', 'yeishi']
-1.5682085274811577	0.11758999648660104	['link', 'ballon', 'touré', 'barge', 'corson', 'espace', 'étoiles', 'delten', 'cylindre', 'dimension']
-1.5740004693383864	0.11619010811695589	['sorcières', 'aiment', 'flirter', 'provocant', 'sourire', 'lendemain soir', 'hésitez', 'savais', 'désolée', 'regrette']
-1.5868199800530975	0.11349792318604701	['zorro nap', 'zorro', 'nap', 'calacan', 'tyran', 'faucon', 'sammel', 'torrez', 'syncope', 'réparaz']
-1.590896124589286	0.11233518002580646	['quade', 'editions', 'editions cauldron', 'cauldron', 'boland', 'knudsen', 'docteur boland', 'snow', 'numéro', 'chantier']
-1.6013621572003665	0.10998227730258434	['firestone', 'grotte', 'persval', 'flambeau', 'caverne', 'flics', 'harker', 'corniche', 'djunguzz', 'achron']
-1.6013621572003685	0.10998227730258389	['cready', 'alley', 'skinner', 'nabab', 'tigre', 'mcgowan', 'braunen corp', 'braunen', 'œuvres charité', 'corp']
-1.6013621572003691	0.10998227730258371	['sœur', 'carista', 'cousin', 'cousin dunkam', 'tante', 'bague', 'tante père', 'enquêteurs privés', 'genre discussion', 'cashmere']
-1.6033299453351877	0.10940946162817998	['fantômes', 'fantôme', 'kalle', 'seyroles', 'airelles', 'cléo', 'léna', 'bérénice', 'vangeli', 'délia']
-1.6110106378605724	0.10787855769020885	['verlac', 'mugnier', 'avocat général', 'léoni', 'jurés', 'wotan', 'exbrayat', 'paolucci', 'avocat', 'zôl']
-1.6129044906386123	0.1074662886942692	['mcginnis', 'mme', 'shamus', 'femme', 'sénateur', 'prit', 'irlandais', 'mme manchester', 'lança', 'lèvres']
-1.613438068940127	0.10723103885095092	['neille', 'keys', 'weller', 'murmura', 'moxo', 'riposta', 'steinhardt', 'vraiment', 'regarda', 'colère']
-1.6309601991553333	0.10397219254564834	['commissaire', 'dancourt', 'inspecteur', 'police', 'fassio', 'policier', 'enquête', 'boulle', 'dab', 'shérif']
-1.63130064819095	0.10352650519474853	['candidats', 'équipe bleue', 'équipe', 'dargel', 'fiches', 'manganèse', 'garett', 'murgatroyd', 'tourna', 'tests']
-1.642868996211563	0.10110856161315927	['starling', 'gard', 'professeur dessin', 'artiste', 'exposition', 'rente versée', 'merveilleuse femmes', 'loupe', 'imperméable marron', 'mène']
-1.6455568943150194	0.10049561200098814	['sénateur', 'larkspur', 'kinkaid', 'khazar', 'chérie', 'mère', 'tchartoff', 'daldrin', 'père', 'garçon']
-1.6768221878924134	0.09427173116940864	['finch', 'quince', 'tibbett', 'goodman', 'smeed', 'macey', 'hamstone', 'inspecteur', 'bingham', 'commissaire']
-1.6917272011043483	0.09170707099251924	['mariage', 'épouser', 'femme', 'divorce', 'veux', 'enfants', 'mariés', 'besoin', 'épouse', 'mieux']
-1.7029116671364457	0.08918527423484483	['diaspad', 'ratz', 'bugul', 'lherbier', 'gaohn', 'pistolet', 'verrière', 'gage ratz', 'questions poser questions', 'scrutateur']
-1.709235234908642	0.08809683050092001	['nilssen', 'moustier', 'michèle', 'villojane', 'belfand', 'garron', 'gingivite', 'andré', 'cuzco', 'ambassade']
-1.7132404152010183	0.08735706662971596	['valleroy', 'talhael', 'twern', 'klyd', 'zeor', 'nashmar', 'andle', 'talolahti', 'sihtric', 'helvin']
-1.750645807651717	0.08068836394937755	['virus', 'descolada', 'quara', 'pequeninos', 'virus descolada', 'lusitania', 'varelse', 'humains', 'tuer', 'pouvons']
-1.7564804478006149	0.07969509186300891	['khamal', 'kroll', 'vorton', 'kleinsmidt', 'kegan', 'inspecteur', 'schulze', 'facteur', 'ponik', 'norsworthy']
-1.7778361878924833	0.07610598193214589	['mélissa', 'prénom', 'mcclain', 'mlle', 'shipka', 'père', 'guinevère', 'voudrais', 'sourire', 'midi']
-1.7865467857720942	0.07464006588178333	['beegan', 'vidame', 'showbiz', 'chauffard', 'hissune', 'tué beegan', 'bullourde', 'impasse bullourde', 'poèmes', 'deeds']
-1.786546785772095	0.07464006588178324	['modèles', 'retoucheuse', 'moyen toucher', 'oddie', 'lariboisière', 'japonais', 'keraij', 'tivali', '30', 'jérémiah']
-1.786546785772099	0.07464006588178267	['mont vénus', 'vénus', 'palais glaces', 'orwell', 'sérigny', 'pressa touche', 'mont', 'hais héroïne', 'trappe verrouillée', 'bout bout bout']
-1.7974382219337361	0.07288847131022973	['michèle', 'braden', 'usine', 'armstead', 'caporal', 'technic', 'fuentès', 'trader', 'makaire bleu', 'makaire']
-1.8055672538252023	0.07158174118828249	['éditions', 'igr 10', 'igr', 'fiction', 'inédit', 'science fiction', 'marabout', '10', 'traduction française', 'collection']
-1.8367452571015288	0.06689019087386454	['redcloud', 'jiggs', 'navajo', 'zhdanov', 'mère', 'weaver', 'mister jiggs', 'sourire', 'indienne', 'vieille']
-1.864538020520781	0.0628969936474766	['quade', 'bossard', 'docteur bossard', 'boland', 'docteur', 'michaël', 'heures demie', 'demie', 'cavendish', 'aveyard']
-1.8861518466922047	0.05989417180130145	['howe', 'aveyard', 'constable', 'poulain', 'foote', 'colliers', 'assistant shérif', 'superintendent', 'knep', 'régisseur']
-1.8863880229111714	0.05972696072701869	['docteur', 'médecin', 'dr', 'infirmière', 'clinique', 'régine', 'malade', 'hôpital', 'lherbier', 'médecins']
-1.9468363810271516	0.0521422598045462	['walt', 'hôpital', 'police', 'demanda', 'phéronomes', 'triss', 'fit', 'type', 'regarda', 'murmura']
-1.9589673459407393	0.050733733095757454	['smiley', 'comité', 'rawley', 'conseil', 'banachek', 'corporate', 'copropriété', 'sharts', 'bricoleur', 'diagrammes']
-1.964264310952154	0.05005339115825968	['harker', 'tête tourne', 'corson', 'jour cessa', 'chantage', 'cécile', 'niss', 'cury', 'steiner', 'gonflé']
-1.9697082475819492	0.04933752796854262	['clones', 'valleroy', 'génétique', 'génération', 'walt', 'gène', 'simes', 'gènes', 'pno', 'bactérie']
-1.9731351124639247	0.049091684893108535	['étrangleur', 'morganna', 'cass', 'kantana', 'devane', 'yassif', 'pygmées', 'brauxton', 'lieutenant', 'femme']
-1.9927390278172958	0.046880542493588945	['gretly', 'nichols', 'winesong', 'géraldine', 'bouloche', 'loney', 'snow', 'newcastle', 'cauldron', 'convent']
-2.0322362564483796	0.0427261886306451	['gerfaut', 'drakhane', 'koreh', 'jahol', 'méry', 'flaming', 'fumette', 'darche', 'branche', 'douairière']
-2.043457273629558	0.041489157429300684	['voiture', 'vieille sheckley', 'sheckley', 'hôpital', 'brumath', 'moorcock', 'tryon', 'renée', 'voitures', 'cambridge']
-2.0434572736295586	0.04148915742930063	['bégard', 'bonnot', 'rivet', 'gerfaut', 'fameux chèque', 'rupture gabrièle', 'trécesson', 'gabrièle', 'directeur production', 'association malfaiteurs']
-2.0522396308681428	0.04067608231393459	['beecher', 'heap', 'sukie', 'tabora', 'dogtinder', 'garnel', 'filby', 'yor', 'tribling', 'aérol']
-2.053838963067545	0.04069609280729157	['porte', 'escalier', 'marches', 'ascenseur', 'baher', 'ouvrit', 'couloir', 'mur', 'corridor', 'immeuble']
-2.1001263775784427	0.03623755564424247	['skinner', 'demande', 'huncie', 'dis', 'veux', 'muirhead', 'pickering', 'anglaises', 'cloques', 'quelqu']
-2.1030753518642618	0.03601386946597899	['séréna', 'saylor', 'oncle', 'gramps', 'atwood', 'townsend', 'frère suppôt', 'programmeur', 'hobart', 'suppôt']
-2.120986055102128	0.03435368736714682	['lupin', 'lanyon', 'sarazat', 'lampe', 'chef informations', 'électricien', 'lightyears', 'téléviseurs', 'sébastien', 'mauser']
-2.205161649470679	0.027853232167685767	['gueule poisson pané', 'poisson pané', 'gueule poisson', 'pané', 'fermeture éclair', 'couille molle', 'couille', 'flingue', 'spaulding', 'moinillon']
-2.205161649470679	0.027853232167685777	['léonard', 'cass', 'beyle', 'voiture', 'lilienborn', 'yamanote', 'colle', 'chambers', 'chef chef', 'xiv']
-2.2954264199044734	0.022227995315826633	['chats', 'cathau', 'cabusse', 'animal', 'lorque', 'yeux', 'gahl', 'catlin', 'gold', 'torpille']
-2.36181368030416	0.018525740711465895	['avé', 'miramar', 'consul', 'dessert', 'marmite soupe', 'chocolat', 'soupe', 'tipi', 'casserole', 'fête']
-2.3942353147981943	0.016984208927642814	['delten', 'vorst', 'plani', 'shuan', 'closter', 'kort', 'gitamorn', 'gitamorn suul', 'suul', 'fratri']
-2.413198999619525	0.016211836879043214	['michaelson', 'jenkins', 'lefleur', 'nims', 'nims nims', 'affaires scientifiques', 'garrison', 'chef équipe', 'diplôme', 'services sociaux']
-2.44857230373519	0.014723041596573248	['miloz', 'ambassadeur', 'pepperdine', 'rembrandt', 'voix', 'caria', 'sourire', 'desprès', 'jansen', 'demanda']
-2.459682512674161	0.014217332546434308	['librairie champs', 'librairie', 'librairie champs élysées', 'adaptation représentation', 'adaptation représentation réservés', 'reproduction adaptation représentation', 'représentation réservés', 'contrôle cas', 'livre souffre', 'volumes collection']
-2.4815212198500523	0.013356964893008102	['séréna', 'lordy', 'laveuglant', 'flox', 'defeckmann', 'kehlweiler', 'butron', 'masters', 'dobel', 'bitchy']
-2.5147121908948895	0.012260591699329847	['beckett', 'stoner', 'beckett senior', 'senior', 'haymann', 'hamway', 'baroody', 'corporate', 'histoire beckett', 'lherbier']
-2.5147121908948926	0.012260591699329748	['dragon', 'dragons', 'monseigneur', 'moonbird', 'bouffon', 'malibor', 'zalzan kavol', 'zalzan', 'kavol', 'chèvre']
-2.686213587977152	0.00749404399230466	['simulatron', 'amnésie', 'pohl', 'rêves', 'soucieux', 'armitage', 'mémoire', 'recherches', 'arrivée hier', 'souvenirs']
-2.792263431219101	0.005403623026310417	['tuée', 'carnets', 'crowley', 'violences', 'femme réelle', 'bigger', 'merde merde', 'assassinat', 'halsey', 'meurtre']
-2.850046828846856	0.004523517147169213	['planètes', 'étoiles', 'inédit', 'planète', 'étoile', 'galaxie', 'terre', 'guérin', 'années lumière', 'seigneur kampaku']
-2.9598824420396657	0.003229102588611715	['chambre', 'marylène', 'porte', 'joëlle', 'nuit', 'cuisine', 'sommeil', 'réveilla', 'bruit', 'ouvrit']
-3.079408810257193	0.0022010594871094205	['nexus', 'nicodème', 'hulann', 'shakespeare', 'harker', 'danybot', 'intelligence', 'bemie', 'doter', 'terrien']
-3.155692174754379	0.0016816684109864893	['harkness', 'kif', 'jarid', 'kokody', 'jath', 'darzir', '404', 'furst', 'cluster', 'diaspad']
-3.1887458472236223	0.0015286332345379665	['burrow', 'comité', 'brandshaft', 'bradwell', 'stochastique', 'avocat', 'faculté', 'abolitionnistes', 'procès', 'whitson']
-3.194382824999687	0.0014997482454338071	['hennegan', 'yudel', 'dîner', 'touristes moyens', 'maxicorp', 'gomina', 'prit assiette', 'cuisine', 'bemie', 'œilleton']
-3.2407454571925984	0.001280627730167079	['carfax', 'appareil', 'babcock', '42', 'sélecteur', 'modules', 'eyniqi', 'jeton', 'scalvinn', 'armoires']
-3.2407454571926007	0.00128062773016707	['cordobân', 'sandwich jambon', 'lingard', 'gérald', 'shérif', 'gotobed', 'jambon', 'mercredi 27', 'vois mensonge', 'gedge']
-3.2433440002570912	0.001248467120138832	['ordinateur', 'écran', 'graceland', 'cassette', 'créature', 'sammel', 'machines', 'grandis', 'furst', 'ordinateurs']
-3.5072330078422898	0.0004982720537345688	['carthy', 'voyagiste', 'bébé', 'mme carthy', 'gaël', 'fatiguée', 'satin bleu', 'embrassais', 'manson', 'bébés']
-3.544587784792826	0.00043438161363045766	['bovey', 'relivaux', 'mme graver', 'policier', 'ennuis', 'carte venait', 'police', 'graver', 'chiens', 'service ordre']
-3.793392820986781	0.0001647750344110715	['porte', 'escalier', 'chambre', 'ouvrit', 'murdoch', 'skidmore', 'étage', 'aimée', 'femme', 'cuisine']
-3.8037141089023887	0.00015721740151261566	['avocat', 'procès', 'jurés', 'tribunal', 'président', 'magistrat', 'affaire', 'audience', 'step', 'témoin']
-3.8283904080816002	0.0001472558616205917	['taplin', 'veysey', 'meurtre', 'siméonidis', 'assassin', 'prétendument', 'raphaël', 'coupable', 'docteur stratton', 'adèle']
-3.8367061437339616	0.00014251301601272262	['natchez', 'pr hyssop', 'hyssop', 'edmonds', 'boire', 'bouteille', 'garrison', 'pr', 'penthotal', 'verre']
-3.963145435021341	8.600253159253184e-05	['baumann', 'shaughnessy', 'robilliard', 'bâte', 'inspecteur byram', 'présidente', 'rencontrer', 'byram', 'wexford', 'cares']
-4.173476235311559	3.6761768190011184e-05	['bureau', 'police', 'femme', 'heures', 'porte', 'commissaire', 'téléphone', 'demanda', 'secrétaire', 'lettre']
-4.206691496321972	3.1287598595320034e-05	['robot', 'jenkins', 'saïz', 'nicodème', 'félix', 'wazi', 'carnivore', 'couac', 'stimulateur', 'rhésus']
-4.370318928222299	1.4817944784281153e-05	['planète', 'espace', 'cemp', 'terre', 'planètes', 'beyle', 'silkies', 'vaisseau', 'système', 'orbite']
-4.829562695610191	1.742071382637785e-06	['beeding', 'répondit', 'sûre', 'répliqua', 'robe', 'femme', 'mère', 'kellogg', 'dîner', 'hôtesse']
-4.884697518700862	1.3518204914531129e-06	['meurtre', 'assassin', 'dover bowers', 'bowers', 'meurtrier', 'dover', 'crime', 'thayer', 'criminel', 'baumann']
-5.162448788197888	3.3280449198021226e-07	['baiser', 'lèvres', 'embrasser', 'murmura', 'bouche', 'étreinte', 'désir', 'corps', 'qaasi', 'embrassa']
