LLR_value	p_value	topic_words
199.99472246953962	2.0940332486065616e-45	['planète', 'espace', 'cemp', 'terre', 'planètes', 'beyle', 'silkies', 'vaisseau', 'système', 'orbite']
190.1290808740747	2.979583260221125e-43	['commissaire', 'dancourt', 'inspecteur', 'police', 'fassio', 'policier', 'enquête', 'boulle', 'dab', 'shérif']
183.59722469607178	7.944052744187262e-42	['yudel', 'weizmann', 'majola', 'thandi', 'boutique', 'nieuwenhuysen', 'hymie', 'muntu', 'yudel savait', 'johannesburg']
150.6659709034853	1.2399278697932814e-34	['finch', 'quince', 'tibbett', 'goodman', 'smeed', 'macey', 'hamstone', 'inspecteur', 'bingham', 'commissaire']
115.94167008886302	4.894837087104926e-27	['meurtre', 'assassin', 'dover bowers', 'bowers', 'meurtrier', 'dover', 'crime', 'thayer', 'criminel', 'baumann']
108.45847664271575	2.132718127445293e-25	['byram', 'accident', 'police', 'suicide', 'suicidée', 'affee', 'whitcomb', 'enquête', 'conduisait', 'amersham']
98.87410369387045	2.69075063004901e-23	['clément', 'bejardy', 'sécateur', 'brossier', 'pouchet', 'type', 'tchik', 'vandoosler', 'vauquer', 'bonnot']
85.00799520645289	2.971610476331612e-20	['manson', 'piggot', 'betts', 'babcock', 'beckford', 'broadwaters', 'sills', 'véranda', 'phosphore', 'docteur']
82.49586236221955	1.0589156779726723e-19	['knudsen', 'quade', 'thayer', 'boland', 'silverdale', 'patients', 'chantier naval', 'naval', 'psychologue', 'demanda']
75.8502752019476	3.060097693146551e-18	['bataillon', 'biên', 'diên biên', 'diên', 'viets', 'parachutistes', 'compagnie', 'lieutenant', 'légionnaires', 'pc']
73.5193056926135	9.96566583677947e-18	['kif', 'pyanfar', 'jik', 'sikkukkut', 'hakkikt', 'mahendo', 'dieux', 'chanur', 'hilfy', 'haral']
72.15417591111641	1.9902409989417065e-17	['bateau', 'eau', 'navire', 'pont', 'poissons', 'vent', 'sable', 'bord', 'vagues', 'coque']
69.76625545552963	6.676536114458615e-17	['sugar', 'mattone', 'rizzio', 'pepper', 'froggy', 'mastragos', 'rizzio mattone', 'regarde', 'renner', 'winchester']
68.42468002351113	1.3181744015539592e-16	['riant', 'chandail', 'retourna', 'fit', 'ciseaux', 'sourit', 'souffla', 'ramassa', 'embrassa', 'rire']
68.18503177854201	1.4885137891341184e-16	['lefleur', 'nims', 'pepperdine', 'black elk', 'elk', 'lindstrom', 'hamlin', 'boggins', 'lampe', 'incendie']
67.42013412925574	2.1939693167620366e-16	['quade', 'bossard', 'docteur bossard', 'boland', 'docteur', 'michaël', 'heures demie', 'demie', 'cavendish', 'aveyard']
61.5111781866281	4.40236725852985e-15	['cigarette', 'cigarettes', 'fumée', 'tabac', 'paquet', 'fume', 'fumer', 'alluma', 'dis', 'cigare']
59.63142210309962	1.1439404600903515e-14	['whittaker', 'climpson', 'findlater', 'murbles', 'budge', 'wimsey', 'cropper', 'tante', 'crow beach', 'crow']
56.31066246587498	6.187895577772867e-14	['catlin', 'dieux', 'chinois', 'bronzes', 'tzu', 'congrès', 'qin', 'lusitania', 'flotte', 'démosthène']
54.61577007493679	1.4655486584636457e-13	['voiture', 'route', 'chauffeur', 'camion', 'volant', 'voitures', 'véhicule', 'conducteur', 'arrière', 'portière']
52.76358323159145	3.7621248449798853e-13	['andré', 'poupi', 'andré regardait', 'naples', 'demanda andré', 'leçon tir', 'gosses', 'couillon', 'demanda', 'andré demanda']
51.815503442955816	6.096849289546802e-13	['jirel', 'yeux', 'visage', 'corps', 'lumière', 'eau', 'cheveux', 'femme', 'tête', 'jambes']
51.26686865888027	8.062493936089874e-13	['avocat', 'procès', 'jurés', 'tribunal', 'président', 'magistrat', 'affaire', 'audience', 'step', 'témoin']
48.27942157509379	3.6961072256040075e-12	['anelo', 'boule', 'santardi', 'maxmo', 'boule anelo', 'coffre', 'fit boule', 'côté anelo', 'bière', 'musicos']
46.90096287252574	7.466601878732304e-12	['gardella', 'scandura', 'thurston', 'roselli', 'lança', 'lança gardella', 'taire fit', 'gardella faut', 'regard gardella', 'regard']
43.12456443901909	5.1363313006651376e-11	['calife', 'tèmudjin', 'maître', 'abassa', 'djamouqa', 'qasar', 'toghril', 'palais', 'kèrèit', 'merkit']
42.64873949342595	6.550662805703941e-11	['mort', 'humains', 'âme', 'faut', 'vivre', 'chose', 'humanité', 'science', 'êtres', 'société']
41.037003813003814	1.4937413729305497e-10	['dumire', 'shérif', 'beckford', 'gribben', 'morrington', 'smithtown', 'stringer', 'smiley', 'bernstein', 'découpeur']
38.107032333927165	6.696833283303117e-10	['piggot', 'betts', 'broadwaters', 'alderton', 'manson', 'kenway', 'piggot betts', 'cambriolage', 'mort betts', 'betts piggot']
37.6575011863729	8.432179371284999e-10	['bureau', 'police', 'femme', 'heures', 'porte', 'commissaire', 'téléphone', 'demanda', 'secrétaire', 'lettre']
34.65910125508922	3.927978345465973e-09	['adèle', 'escudier', 'sourire', 'lèvres', 'littlefield', 'murmura', 'amoureux', 'bouche', 'doucement', 'yeux']
34.65910125508922	3.927978345465973e-09	['morsi', 'viking', 'saunders', 'déclara', 'spécimen', 'drakkar', 'magnusson', 'poitrine', 'tête', 'nei']
34.335682241065385	4.637998632431891e-09	['nessie', 'brockmeier', 'plani', 'matthews', 'sonar', 'finch', 'inverness', 'regarda', 'objet', 'chambre']
34.05598536554918	5.354893660344189e-09	['arbres', 'arbre', 'forêt', 'fleurs', 'feuilles', 'branches', 'plantes', 'terre', 'racines', 'champignons']
33.84416062204065	5.97080353839176e-09	['seagull', 'moonbird', 'oiseau', 'ailes', 'skiz', 'birdlip', 'oiseaux', 'baccarat', 'dragon', 'insecte']
33.53164531990167	7.0113903315595255e-09	['desprats', 'cité', 'appartement', 'garlonne', 'séréna', 'ostrer', 'vraiment', 'wishman', 'demanda', 'regarde']
32.47906033748167	1.204837448155004e-08	['regarda', 'fit', 'campement', 'ciré', 'répondit', 'chandail', 'pistolet', 'demanda', 'fileni', 'poncho']
31.93352389992137	1.5953984867459977e-08	['rhada', 'prisko', 'djinnih', 'soldat', 'nomade', 'tribu', 'camions', 'yané', 'boïdus', 'nomades']
31.482490845762833	2.0124678626075757e-08	['taplin', 'veysey', 'meurtre', 'siméonidis', 'assassin', 'prétendument', 'raphaël', 'coupable', 'docteur stratton', 'adèle']
31.402342121132587	2.0972776027557466e-08	['michaël', 'bogie', 'nouvelle orléans', 'orléans', 'bungalow', 'femme', 'casbah', 'pourtant', 'accident', 'porte']
30.932081731095828	2.672178012276506e-08	['redcloud', 'jiggs', 'navajo', 'zhdanov', 'mère', 'weaver', 'mister jiggs', 'sourire', 'indienne', 'vieille']
29.416874024337687	5.836721627592904e-08	['docteur', 'médecin', 'dr', 'infirmière', 'clinique', 'régine', 'malade', 'hôpital', 'lherbier', 'médecins']
29.313101795328585	6.157793599630175e-08	['terrain', 'manganèse', 'bluff', 'hood', 'diable terrain', 'question terrain', 'camionnette', 'sluefoot', 'porte parapluies', 'tut tut']
28.882584379241017	7.690125236088448e-08	['rhéa', 'devlin', 'kilconnell', 'bouviers', 'cessna', 'rhéa cormack', 'maclver', 'cormack', 'voulait', 'sébastian']
28.62314365259811	8.792500122269972e-08	['bouteille', 'sukie', 'verre', 'bière', 'bouteilles', 'tooley', 'verres', 'boire', 'alcool', 'table']
28.357446481436636	1.008580961748403e-07	['ingold', 'lohiro', 'sorcier', 'ténébreux', 'archimage', 'quo', 'bâton', 'vieil', 'lngold', 'sorciers']
25.2195480636628	5.11610048286467e-07	['agnès', 'gimlet', 'sœur', 'intermezzo', 'pouvais', 'dis', 'lorenzaccio', 'montre', 'élèves', 'voulais']
25.206619094610343	5.150512510631562e-07	['burrow', 'merriman', 'manoir', 'developers', 'atlantic developers', 'atlantic', 'barkeley', 'waters', 'domaine', 'rand']
24.813463957618303	6.315479387124188e-07	['sénateur', 'larkspur', 'kinkaid', 'khazar', 'chérie', 'mère', 'tchartoff', 'daldrin', 'père', 'garçon']
24.314894422923352	8.180406773214596e-07	['skinner', 'demande', 'huncie', 'dis', 'veux', 'muirhead', 'pickering', 'anglaises', 'cloques', 'quelqu']
24.239963941675917	8.504909310279147e-07	['librairie champs', 'librairie', 'librairie champs élysées', 'adaptation représentation', 'adaptation représentation réservés', 'reproduction adaptation représentation', 'représentation réservés', 'contrôle cas', 'livre souffre', 'volumes collection']
24.239963941675917	8.504909310279147e-07	['kalle', 'göran', 'saucisson', 'léna', 'plan kalle', 'trésor', 'göran vestberg', 'vestberg', 'mellors', 'supposons']
24.092174205990265	9.183274568871558e-07	['mcginnis', 'mme', 'shamus', 'femme', 'sénateur', 'prit', 'irlandais', 'mme manchester', 'lança', 'lèvres']
22.74247207974466	1.8522832240216052e-06	['chambers', 'scorpion', 'barlow', 'léonid', 'prit', 'désir', 'veux', 'voulut', 'chambre', 'voiture']
22.58092960558843	2.0147460069865433e-06	['krug', 'watchman', 'krug krug', 'spaulding', 'androïdes', 'vargas', 'transmat', 'alphas', 'androïde', 'cuve']
22.30140753688133	2.3303573465280465e-06	['chrétiens', 'turcs', 'soldats', 'soldats chrétiens', 'hommes', 'pèlerins', 'fleuve', 'père ascelin', 'ascelin', 'troupes']
22.05579170778405	2.6483937182819745e-06	['sindbad', 'hardesty', 'foxgrove', 'geste', 'regard', 'écuries', 'sourire', 'phéronomes', 'deluth', 'cheval']
21.292383314339315	3.9429506407766605e-06	['manilo', 'corrio', 'viételli', 'hanse', 'ommach', 'desprats', 'halter', 'cité', 'ostrer', 'regarde']
21.201471441486042	4.134469745140064e-06	['beecher', 'heap', 'sukie', 'tabora', 'dogtinder', 'garnel', 'filby', 'yor', 'tribling', 'aérol']
20.405270045771147	6.265701048907071e-06	['finch', 'caravane', 'inspecteur', 'pont', 'bingham', 'macey', 'demanda finch', 'raccompagner', 'finch yeux', 'finch fit']
19.549908578146038	9.800542667517294e-06	['caria', 'voix caria', 'âme midinette', 'chérie', 'venatici', 'caria voix', 'véritable assassin', 'automaster central', 'détournées', 'parfaitement courant']
19.271590172620158	1.13380933008776e-05	['crimes', 'meurtre', 'planteguerre', 'rochembert', 'meurtres', 'criminel', 'rampez', 'meurtrier', 'crime', 'quim']
19.271590172620158	1.13380933008776e-05	['vauquer', 'clément', 'sécateur', 'bufo', 'cimetière montparnasse', 'aimais gosse', 'kaputhala', 'ponceuse', 'cimetière', 'lherbier']
18.37483710645933	1.8143830658152446e-05	['scalia', 'courcelles', 'camping', 'exclama', 'assura', 'demanda', 'congrès', 'clinique', 'bureau accueil', 'caravane']
18.326495408419085	1.8610083315042585e-05	['abri', 'flanagan', 'murmura', 'toit', 'maisonnette', 'demanda', 'cabane', 'lorsqu', 'envie', 'bière']
18.326495408419085	1.8610083315042585e-05	['sandorf', 'nadiège', 'stéphane', 'owemberg', 'précepteur', 'winsky', 'régent', 'volnie', 'astianof', 'pétrow']
17.90265340173623	2.3249673450902202e-05	['danfield', 'femme', 'murmura', 'regard', 'présent', 'désir', 'compagnon', 'lorsqu', 'colère', 'compagne']
17.416599302979606	3.0019292559533486e-05	['cutter', 'skidmore', 'greenville', 'sœur', 'vaches', 'argyle', 'écurie', 'indemnité', 'bêtes', 'femme']
17.408787394785662	3.0142920380051205e-05	['bébé', 'mariage', 'femme', 'walsh', 'cœur', 'baiser', 'tendrement', 'ventre', 'larmes', 'répéta']
17.358976286090474	3.094333228958454e-05	['jésus', 'objets objets', 'seigneur', 'dieux', 'kernik', 'père', 'jérusalem', 'maligou', 'objets', 'prêtre']
17.33020919227701	3.141528420831369e-05	['chiens', 'kehlweiler', 'akrèn', 'animal', 'porte', 'tête', 'bête', 'sukie', 'yeux', 'dogtinder']
17.32955062754461	3.142617288625073e-05	['frédi', 'grundwig', 'théâtre', 'administrateur', 'mme grundwig', 'acteur', 'banquier', 'danemark', 'ophélie', 'voiture']
17.32955062754461	3.142617288625073e-05	['sss', 'nodles', 'système solaire', 'solaire', 'mec', 'ver sable', 'système', 'ver', 'sphère bureau', 'incultes']
16.947508423535943	3.842772094654693e-05	['gueule poisson pané', 'poisson pané', 'gueule poisson', 'pané', 'fermeture éclair', 'couille molle', 'couille', 'flingue', 'spaulding', 'moinillon']
16.446441388403883	5.0044034436687935e-05	['incendiaire', 'émission', 'michaëls', 'palm beach', 'palm', 'beach', 'présent', 'besoin', 'policier', 'voulait']
16.279274831935847	5.465852397305291e-05	['jourdaine', 'béni', 'oï', 'oï tîkî', 'tîkî', 'mamette', 'saurien', 'concourle', 'ibère', 'terango']
15.966761949960684	6.446442430592794e-05	['tatav', 'luda', 'jov', 'rakoff', 'harmonium', 'buissonnets', 'lunora', 'bossard', 'crés', 'réfectoire']
15.885132057172537	6.730538675795214e-05	['séréna', 'lordy', 'laveuglant', 'flox', 'defeckmann', 'kehlweiler', 'butron', 'masters', 'dobel', 'bitchy']
15.754136934131465	7.213003168978811e-05	['roditis', 'santoliquido', 'persona', 'noyés', 'dybbouk', 'oncle', 'transplantation', 'persona oncle', 'donahy', 'hoptère']
15.612513570685305	7.773842545491791e-05	['cerveau', 'cerveaux', 'système', 'transplantation', 'intelligence', 'organique', 'synapses', 'anticorps', 'cellules', 'organes']
15.570448320573874	7.948727286433518e-05	['miroul', 'mcfee', 'lestandi', 'bretonnet', 'table', 'rue', 'préjean', 'ouais savait', 'lathrop', 'latin']
15.228999036327082	9.522981063597476e-05	['aimline', 'seel', 'daym', 'ramane', 'gelleï', 'ezaelle', 'ramanes', 'parthène', 'uelil', 'scientes']
15.228999036327082	9.522981063597476e-05	['mclaren', 'jeb', 'selway', 'grenier', 'couteau', 'arche', 'shirt', 'lianes', 'couteau boucher', 'ténèbres']
15.228999036327082	9.522981063597476e-05	['link', 'ballon', 'touré', 'barge', 'corson', 'espace', 'étoiles', 'delten', 'cylindre', 'dimension']
14.7038611385227	0.00012578854813712463	['éthel', 'sarramanga', 'strondberg', 'vargas', 'motxoteguy', 'krug', 'moxo', 'vitti', 'remercieras', 'delassane']
14.676699724775748	0.00012761411341745022	['neille', 'keys', 'weller', 'murmura', 'moxo', 'riposta', 'steinhardt', 'vraiment', 'regarda', 'colère']
14.534272951069813	0.00013763274141834298	['sammel', 'larkin', 'bartell', 'darryn', 'wyndom', 'machine', 'machine remonter', 'machine remonter temps', 'sentit', 'remonter temps']
14.534272951069813	0.00013763274141834298	['jument', 'femme', 'deaton', 'geste', 'voulait', 'grange', 'regard', 'pourtant', 'sentait', 'cœur']
14.505447695710316	0.0001397548066593342	['hulann', 'kanin', 'corps', 'construct', 'fouldroule', 'couleur', 'poils', 'calligraphe', 'yeux', 'stratten']
14.492708761107878	0.00014070309189667028	['beckett', 'stoner', 'beckett senior', 'senior', 'haymann', 'hamway', 'baroody', 'corporate', 'histoire beckett', 'lherbier']
14.178723240718318	0.00016623971291386102	['boamiens', 'boamien', 'ghéridanisol', 'lovdale', 'domologiste', 'maître witz', 'witz', 'possédés', 'monser', 'déase']
14.178723240718318	0.00016623971291386102	['griff', 'wolverton', 'murmura', 'investisseur', 'maison', 'white springs', 'cave', 'clenche', 'lança coup œil', 'escalier']
14.178723240718318	0.00016623971291386102	['valleroy', 'klyd', 'médiateur', 'simes', 'zeor', 'hrel', 'sectuib', 'nashmar', 'tentacules', 'imil']
13.653585342913935	0.0002198211776979567	['neille', 'moor', 'trenchard', 'mme moor', 'répliqua', 'dschang', 'virus', 'cuillère', 'mère', 'sonnerie retentit']
13.653585342913935	0.0002198211776979567	['camier', 'parapluie', 'camier veux', 'camier camier', 'hélène', 'loin camier', 'omni', 'conaire', 'camier faut', 'agent']
13.58529003719228	0.0002279648924485102	['catlin', 'bronzes', 'qin', 'donnel', 'danner', 'taïwan', 'conducteur qin', 'oncle', 'conducteur', 'chinois']
13.128447445109561	0.0002908456876584873	['fœtus', 'embryon', 'sperme', 'mère', 'ommach', 'bébé', 'bébés', 'mères', 'ventre mère', 'naître']
13.11278979476229	0.00029328661394851423	['clones', 'valleroy', 'génétique', 'génération', 'walt', 'gène', 'simes', 'gènes', 'pno', 'bactérie']
12.603309547305171	0.0003850643378560866	['jé', 'humirs', 'mox', '410', 'humoks', 'humir', 'gerkanol', 'organe', '1000', 'cos']
12.518369376689584	0.00040297042465035535	['khamal', 'kroll', 'vorton', 'kleinsmidt', 'kegan', 'inspecteur', 'schulze', 'facteur', 'ponik', 'norsworthy']
12.517073169725359	0.00040325008645078036	['élèves', 'dodd', 'moss', 'néfar', 'andouillette', 'surveillante', 'classe', 'lacayo', 'école', 'danaëlle']
12.181205069909392	0.0004827344790185658	['gretly', 'nichols', 'winesong', 'géraldine', 'bouloche', 'loney', 'snow', 'newcastle', 'cauldron', 'convent']
12.172137338105273	0.00048508689611686563	['mélissa', 'prénom', 'mcclain', 'mlle', 'shipka', 'père', 'guinevère', 'voudrais', 'sourire', 'midi']
12.078171649500788	0.0005101560241525872	['bundo', 'salindi', 'marakunda', 'raphaël', 'range rover', 'range', 'rover', 'matope', 'batari', 'trafiquants']
11.866062533110966	0.0005716614593928035	['malaussène', 'corrençon', 'cercaire', 'dolgorouki', 'zabo', 'majesté', 'stojilkovicz', 'thérèse', 'flic', 'ponthard']
11.866062533110966	0.0005716614593928035	['tuée', 'carnets', 'crowley', 'violences', 'femme réelle', 'bigger', 'merde merde', 'assassinat', 'halsey', 'meurtre']
11.835169806251706	0.0005812239798640384	['toronado', 'fusil', 'joker', 'pouvais', 'teele', 'springfield', 'ramsès', 'regardé', 'revolver', 'salaud']
11.553033751696407	0.0006763880043364952	['moïse', 'bricoleur', 'curedent', 'josephson', 'puits', 'fourmilière', 'acromégalique', 'dundas', 'broncos', 'moïse sourit']
11.293905561099454	0.0007776192717755485	['police', 'jurgensen', 'combat', 'creyenna', 'colombaud', 'flic', 'timovie', 'lvt', 'illégale', 'brandshaft']
11.245620045471604	0.0007981112705376384	['aimer', 'frédi', 'fouldroule', 'veux', 'amoureuse', 'dis', 'vivre', 'sentiments', 'tooley', 'cœur']
11.027895853892025	0.0008975096313394945	['quara', 'plikt', 'jakt', 'philotes', 'mirtin', 'novinha', 'mourir', 'propres', 'vaisseau', 'aiûa']
11.027895853892025	0.0008975096313394945	['adolescent', 'mccrae', 'déteste déteste', 'desjardins', 'voir père', 'pendleton', 'père', 'déteste', 'agréablement narines', 'écouta femme']
11.027895853892025	0.0008975096313394945	['mccully', 'mlle', 'mme mccully', '1989', 'futur', 'mountainview', '1862', 'prospecteurs', 'larmes', 'evers']
11.027895853892025	0.0008975096313394945	['rhada', 'louange', 'prisko', 'terre', 'vaisseau vide', 'inspecteur bertholet', 'fleuve', 'royaume', 'enfers', 'bertholet']
11.027895853892025	0.0008975096313394945	['gramps', 'temporelle', 'porte temporelle', 'épée', 'larmes montaient yeux', 'bataille', 'montaient yeux', 'larmes montaient', 'sudiste', 'tissu']
11.027895853892025	0.0008975096313394945	['science', 'machines', 'scientifique', 'citizen', 'scientifiques', 'antéchrist', 'heptangle', 'siècle', 'laboratoire', 'culturellement']
11.027895853892025	0.0008975096313394945	['gomina', 'noël', 'sœur', 'kimball', 'sapin', 'baiser', 'caribou', 'dollars', 'skis', 'boule']
10.502757956087642	0.0011919649988256114	['jedith', 'ottiz', 'farkie', 'jov', 'addim', 'médaillon', 'jedith jedith', 'dup', 'alféo', 'lière']
10.502757956087642	0.0011919649988256114	['planètes', 'étoiles', 'inédit', 'planète', 'étoile', 'galaxie', 'terre', 'guérin', 'années lumière', 'seigneur kampaku']
10.502757956087642	0.0011919649988256114	['bélugas', 'seal', 'eisley', 'avion', 'têtes', 'flocons avoine', 'lèvres', 'vancouver', 'île', 'éveiller']
10.310693910365277	0.0013226154200475363	['bayview', 'voiture', 'jaguar', 'disquette', 'voiture marron', 'osrek', 'wilcom', 'deely', 'ravisseurs', 'recouvré mémoire']
9.97762005828326	0.0015845436002981622	['delahaye', 'martinov', 'hélène', 'gourdel', 'galerie', 'réparaz', 'rue amsterdam', 'dépôts consignations', 'consignations', 'caisse dépôts consignations']
9.97762005828326	0.0015845436002981622	['olbram', 'peterborough', 'toilettes', 'lecture', 'offre ténèbres', 'futur', 'présent', 'cœur', 'laraire', 'ténèbres']
9.97762005828326	0.0015845436002981622	['flaming', 'commandante', 'cluster', 'furst', 'gondelor', 'katzenstein', 'mclasky', 'ismur', 'stengel', 'parapropulseur']
9.95425732870321	0.00160477852025855	['burrow', 'comité', 'brandshaft', 'bradwell', 'stochastique', 'avocat', 'faculté', 'abolitionnistes', 'procès', 'whitson']
9.877298909045287	0.0016733039804366035	['turcotte', 'lescadre', 'commodités', 'sernine', 'skiath', 'sieur eugène', 'fraya chemin', 'inspecteur suivit', 'reprit bernold', 'port']
9.868533521003343	0.001681294635791849	['mère', 'savait', 'père', 'ans', 'femme', 'aimait', 'jour', 'voulait', 'faisait', 'enfants']
9.783811449391855	0.0017605499305950495	['brumbaugh', 'bétail', 'ranch', 'seccombe', 'venneford', 'betteraves', 'centennial', 'éleveurs', 'terre', 'skimmerhorn']
9.391324998881124	0.002180145819514465	['miloz', 'ambassadeur', 'pepperdine', 'rembrandt', 'voix', 'caria', 'sourire', 'desprès', 'jansen', 'demanda']
8.955214602238804	0.0027667868342930863	['tibbie', 'diggan', 'miramonte', 'abuelita', 'soso', 'rawley', 'valoria', 'huff', 'ganaderia', 'mexicain']
8.927344262674497	0.0028093253923659567	['sandorf', 'bélonie', 'tentes', 'temudjin', 'vaches', 'stéphane', 'rhada', 'chevaux', 'forêt', 'blancheur']
8.890171616266976	0.002867097824483871	['séréna', 'saylor', 'oncle', 'gramps', 'atwood', 'townsend', 'frère suppôt', 'programmeur', 'hobart', 'suppôt']
8.769235151508667	0.0030635388734252455	['brago', 'gato', 'rutledge', 'tombstone', 'cheval', 'rancho', 'ranch', 'gato negro', 'negro', 'cass']
8.769235151508667	0.0030635388734252455	['hallingkar', 'poona', 'pd', 'daïren', 'mmi', 'uelil', 'félicien', 'planteur', 'jumbo', 'œufs œufs']
8.752931422503204	0.0030910478586385474	['quade', 'editions', 'editions cauldron', 'cauldron', 'boland', 'knudsen', 'docteur boland', 'snow', 'numéro', 'chantier']
8.55118397283442	0.0034529757166289116	['cheval', 'chevaux', 'djinnih', 'galop', 'cavalière', 'sabots', 'bagrin', 'cible', 'selle', 'banshee']
8.48177161467353	0.0035872259398712163	['nizan', 'salignac', 'césar', 'arrezzi', 'béarnais', 'lettre', 'maître', 'setter', 'béarn', 'orléans']
8.402206364870114	0.0037476587230234636	['garrison', 'hmm hmm', 'hmm', 'mariage', 'vraiment cas', 'sentit', 'croyez insista', 'prie', 'chérie', 'désolé arrivé']
8.402206364870114	0.0037476587230234636	['daym', 'aimline', 'seel', 'histrion', 'confed', 'parthène', 'ezaelle', 'ssecem', 'aimlin', 'ramane']
8.402206364870114	0.0037476587230234636	['carvil', 'grande terre', 'vextase', 'djemine', 'pirates', 'île', 'pointus', 'véra', 'soldats japonais', 'soldats']
8.402206364870114	0.0037476587230234636	['masters', 'broehm', 'mittend', 'masters père', 'malevic', 'utgers', 'ints', 'glencairn', 'obdan', 'masters trouve']
8.402206364870114	0.0037476587230234636	['ruche', 'ruches', 'majats', 'kethiuy', 'guerriers', 'raen', 'bohrt', 'kontrin', 'ouvrier', 'faux bourdons']
8.402206364870114	0.0037476587230234636	['bernstein', 'ondes cérébrales', 'cérébrales', 'weller', 'steinhardt', 'ondes', 'zeltveg', 'lecteur ondes cérébrales', 'lecteur ondes', 'fléau']
8.232780589775793	0.004114045049803481	['livre', 'livres', 'littérature', 'auteur', 'écrire', 'écrivain', 'œuvre', 'écrit', 'lecteur', 'lire']
8.030724735330097	0.004599043386081339	['weller', 'franker', 'steinhardt', 'formation', 'transformationalisme', 'dollars', 'institut', 'moniteurs', 'bailor', 'séances']
7.877068467065732	0.005006557261877312	['red', 'noirs', 'blancs', 'viêt', 'ballard', 'noir', 'broederbond', 'blancs noirs', 'délégué', 'apartheid']
7.479881891475953	0.006239216426484421	['bovey', 'relivaux', 'mme graver', 'policier', 'ennuis', 'carte venait', 'police', 'graver', 'chiens', 'service ordre']
7.479881891475953	0.006239216426484421	['bégard', 'bonnot', 'rivet', 'gerfaut', 'fameux chèque', 'rupture gabrièle', 'trécesson', 'gabrièle', 'directeur production', 'association malfaiteurs']
7.355611226759265	0.006685377831310343	['murs', 'château', 'fenêtres', 'mur', 'étage', 'porte', 'maison', 'rue', 'entrée', 'maisons']
7.35193056926135	0.006699078111353421	['hastur', 'montray', 'terriens', 'hartani', 'comyn', 'tenebrosa', 'langue', 'langage', 'beckers', 'thendara']
7.35193056926135	0.006699078111353421	['tortue', 'ombres', 'torrent', 'murmura', 'plaid', 'tartine beurre cacahuète', 'pente devint raide', 'devint raide', 'chiot', 'tartine']
7.35193056926135	0.006699078111353421	['édit', 'huguenots', 'ronsard', 'médicis', 'royaume', 'françois', 'charry', 'réformés', 'châtel', 'cour']
7.35193056926135	0.006699078111353421	['kimble', 'tomne', 'jolis vêtements', 'séduisante', 'embrasser', 'songea', 'robe', 'aimait', 'vêtements', 'sensationnelle']
7.35193056926135	0.006699078111353421	['korwal', 'skiath', 'rassemblement', 'grid', 'khô', 'mælbach', 'demné', 'substance', 'böhninger', 'sleg']
7.295053848132831	0.006914469744054064	['akrèn', 'ennian', 'gogleth', 'nédan', 'taor', 'sieur', 'rojfessa', 'chaman', 'baltagui', 'dogmæl']
6.913275695927088	0.008555810638684228	['étang', 'sills', '80 100', 'mots croisés', 'ans', 'irthia', 'enfermé', 'deucalio', 'mue', 'wishman']
6.844222361955302	0.008892840066706214	['cordobân', 'sandwich jambon', 'lingard', 'gérald', 'shérif', 'gotobed', 'jambon', 'mercredi 27', 'vois mensonge', 'gedge']
6.8267926714569676	0.008980037685536341	['spinelli', 'mellors', 'trésor', 'führer', 'contemple', 'spinelli regarde', 'conseil administration', 'lève mains', 'reprend', 'vieilles connaissances']
6.8267926714569676	0.008980037685536341	['keraij', 'yor', 'keraïni', 'kerai', 'sehin', 'uruan', 'féhimi', 'kaerdug', 'mâles', 'sélection']
6.8267926714569676	0.008980037685536341	['fouldroule', 'portières', 'usine', 'caisses', 'pincée poussière', 'pris ligne', 'régulier gouttes', 'soudure', 'casque', 'grises']
6.8267926714569676	0.008980037685536341	['tileman', 'bitchy', 'courcy', 'médée', 'dr tileman', 'voulez', 'demanda bitchy', 'répondit bitchy', 'angleterre', 'air terrorisé']
6.8267926714569676	0.008980037685536341	['bledd', 'chapeau', 'candidat', 'moïse', 'serpendeau', 'curedent', 'josephson', 'clown', 'tübingen', 'plankaert']
6.8267926714569676	0.008980037685536341	['biddell', 'poulton', 'chesterton', 'chênaie', 'mme poulton', 'rovnie', 'disputée père', 'détournant conversation', 'tipton', 'fit']
6.8267926714569676	0.008980037685536341	['amazones', 'jerana', 'amazones libres', 'jalak', 'lorill', 'femmes', 'cousine', 'libres', 'chaînes', 'comyn']
6.8267926714569676	0.008980037685536341	['eristan', 'pfui', 'sociétés', 'silverson', 'développement', 'santarém', 'milliards', 'sciavoni', 'civilisation', 'usines']
6.8267926714569676	0.008980037685536341	['alginate', 'pâte', 'goossens', 'chef laboratoire', 'outil', 'rats', 'catalyseur', 'marteau', 'modèle', 'flexibles']
6.8267926714569676	0.008980037685536341	['transformationalisme', 'weller', 'steinhardt', 'pissaro', 'adhérents', 'scénario', 'longs métrages', 'mouvement', 'transformation', 'métrages']
6.741903327248256	0.009417409780640571	['persval', 'clergyman', 'hellroy', 'thuriot', 'twern', 'parrish', 'garrec', 'devait', 'amis scientes', 'whit']
6.705600305986664	0.009611056870089691	['lieutenant', 'capitaine', 'cops', 'commandant', 'officier', 'chef', 'sanselme', 'général', 'fantin', 'gouverneur']
6.695631905073144	0.009664940706313286	['jalak', 'lolli', 'donjon', 'aamma', 'minalde', 'snel', 'gisèle', 'faucon glace', 'arbrerocs', 'isambour']
6.695631905073144	0.009664940706313286	['congrès', 'ansibles', 'planète', 'congrès stellaire', 'stellaire', 'dieux', 'lusitania', 'vaisseau', 'configuration', 'ansible']
6.6540911359837835	0.009892841783043614	['tenebrosa', 'amazones', 'amazone', 'comyn', 'terrienne', 'montray', 'margali', 'serment', 'hastur', 'guilde']
6.3987474414790055	0.011420090782728425	['verlac', 'mugnier', 'avocat général', 'léoni', 'jurés', 'wotan', 'exbrayat', 'paolucci', 'avocat', 'zôl']
6.301654773652586	0.012062531947143814	['mélissa', 'syndrome tascoli', 'tascoli', 'syndrome', 'country club', 'country', 'nièce', 'aperçue', 'stark', 'subaru']
6.301654773652586	0.012062531947143814	['fintan', 'maou', 'fleuve', 'onitsha', 'omerun', 'marima', 'maou fintan', 'pikni', 'rodes', 'pont']
6.301654773652586	0.012062531947143814	['hofa', '42', 'jokari', 'trafic', 'ultimate', 'virus gluant', 'redlynch', 'counter', 'mutant counter', 'spectre']
6.301654773652586	0.012062531947143814	['vados', 'guerrero', 'mendoza', 'cortès', 'mise demeure', 'murieta', 'tiempo', 'hakluyt', 'arrio', 'sra']
6.301654773652586	0.012062531947143814	['félix', 'borg', 'gabey', 'ducreux', 'gérou', 'mutants', 'scientifiques', 'collègues', 'génétique', 'touche noire']
6.301654773652586	0.012062531947143814	['carfax', 'appareil', 'babcock', '42', 'sélecteur', 'modules', 'eyniqi', 'jeton', 'scalvinn', 'armoires']
6.273416435608421	0.012256260212452026	['éditions', 'igr 10', 'igr', 'fiction', 'inédit', 'science fiction', 'marabout', '10', 'traduction française', 'collection']
6.260159578769008	0.012348308033952217	['virus', 'descolada', 'quara', 'pequeninos', 'virus descolada', 'lusitania', 'varelse', 'humains', 'tuer', 'pouvons']
6.2595348074947	0.012352663560938509	['corps', 'âmâme', 'corps ouvriers', 'capitano', 'tenues', 'visages', 'jakt', 'vivants', 'âme', 'objets']
6.257477946254272	0.012367013906037973	['42', 'trafic', 'vicars', 'buick', 'led', 'pirate', 'led zeppelin', 'zeppelin', '42 crew', 'crew']
5.96700008518113	0.014576057501399644	['hansel', 'mongolo', 'brouet', 'castelard', 'valérie', 'brossier', 'gamin', 'javelin', 'hansel brouet', 'cécile']
5.8248829341825905	0.015801019988433602	['avion', 'pilote', 'réacteurs', 'atterrissage', 'appareil', 'vitesse', 'hile', 'parachute', 'kilomètres', 'moteurs']
5.8232804700427545	0.01581542127856872	['clones', 'frères', 'garçons', 'persona', 'rivière', 'minoterie', 'regarda', 'vallée', 'groupe', 'acquiesça']
5.8232804700427545	0.01581542127856872	['okawho', 'rédemption', 'edius', 'arbres', 'mont', 'vent', 'temen', 'incidentes', 'guettes agiles', 'guettes']
5.8232804700427545	0.01581542127856872	['arbres pères', 'disent', 'arbres', 'lumière', 'loin mers', 'pères', 'sable', 'tajo', 'branches', 'arbre']
5.776516875848204	0.016241696351991013	['corson', 'hipprone', 'aergistal', 'monstre', 'ngal nda', 'ngal', 'nda', 'planète mausolée', 'prone', 'collier']
5.776516875848204	0.016241696351991013	['abbé', 'bernerie', 'payable', 'pompadour', 'ventôse', 'daraïn', 'maurras', 'glazer', 'dépêche', '000']
5.776516875848204	0.016241696351991013	['principale actionnaire', 'marks', 'penser dis', 'winterland', 'fourchette', 'baiser', 'actionnaire', 'sidérée', 'rescousse', 'éclata rire']
5.776516875848204	0.016241696351991013	['nuit pis', 'pluie battait vitres', 'porte entrée lorsqu', 'battait vitres', 'chargé senteurs', 'entrée lorsqu', 'pluie battait', 'postière', 'frisson glacé parcourut', 'glacé parcourut']
5.776516875848204	0.016241696351991013	['sorcières', 'aiment', 'flirter', 'provocant', 'sourire', 'lendemain soir', 'hésitez', 'savais', 'désolée', 'regrette']
5.776516875848204	0.016241696351991013	['peintre', 'boîte', 'atelier', 'mère', 'boîte neuve', 'hirondelle', 'dessiner', 'devais', 'peindre', 'sentais']
5.77292212035457	0.016274950793064034	['papier', 'cagliostro', 'farmer', 'titre', 'audiat', 'titres', 'journal', 'journaux', 'yudel', 'écriture']
5.725171067067395	0.016723407311802416	['quince', 'téléphone', 'pengo', 'eggers', 'dr', 'dr téléphoné', 'téléphones publics', 'prévenons', 'zander', 'affaire pohl']
5.562134889848878	0.018353020034159267	['pistolet', 'revolver', 'skinner', 'balle', 'carpenter', 'balles', 'calendar', 'baule', '45', 'bronski']
5.470874840779677	0.019335944170957308	['veau petits', 'veau petits pois', 'kirsch', 'procacci', 'café', 'arrachais', 'mme procacci', 'tss', 'retire doucement', 'flacon kirsch']
5.467296095363693	0.019375579893572335	['mélanie', 'cartolucci', 'père', 'enquête', 'dossier', 'police', 'voiture', 'mathers', 'bureau', 'scandura']
5.403025424738697	0.020101876471602456	['baroda', 'jath', 'jath baroda', 'moscou', 'chryse', 'vodka', 'tabasco', 'comlink', 'hallingkar', 'adichka']
5.393416693396375	0.02021285592729902	['michaelson', 'krauch', 'smitty', 'purdy', 'comptoir', 'bateau', 'veux remarier', 'veux', 'serveuses', 'ecoute']
5.251378978043821	0.021929385529628146	['furet', 'mère abandonnée', 'furet fronça', 'chaleur bouche', 'enfants ans', 'orchidée', 'chemise nuit', 'femme inspira profondément', 'femme', 'femme inspira']
5.251378978043821	0.021929385529628146	['sodomite', 'swede', 'demandions', 'directeur adjoint', 'intolérance', 'demain demain', 'adjoint banque county', 'directeur adjoint banque', 'adjoint banque', 'banque county']
5.251378978043821	0.021929385529628146	['hervé', 'françoise', 'andigné', 'cadoudal', 'chouans', 'grisolles', 'hozier', 'rouen', 'royalistes', 'charrettes']
5.251378978043821	0.021929385529628146	['seigneur gueux', 'gueux', 'isambour', 'vavasseur', 'seigneur gueux antimus', 'gueux antimus', 'antimus', 'seigneur', 'ministre duroy', 'djent']
5.251378978043821	0.021929385529628146	['ruthery', 'abassa', 'grivel', 'cadavres', 'roches brûlantes', 'camp ennemi', 'joiry', 'cratères', 'noémi', 'turcs']
5.251378978043821	0.021929385529628146	['boaras', 'meymuna', 'rêve', 'abassa', 'enveloppée manteau noir', 'calife', 'taël regardèrent', 'rouler rouler', 'rêve rêve', 'hommes patrouille']
5.145904555772223	0.023301267769410765	['andré', 'edmée', 'méry', 'andrek', 'félicien', 'gosses', 'gosse', 'andré regarda', 'demanda andré', 'couillon']
5.055347319732574	0.02455006107000964	['mourier', 'beckett', 'hamway', 'lauderdale', 'lenormand', 'flics lauderdale', 'tueur dépeceur', 'wexford', 'dépeceur', 'puissance infinie']
4.9683205039812215	0.025815703262999833	['dragon', 'dragons', 'monseigneur', 'moonbird', 'bouffon', 'malibor', 'zalzan kavol', 'zalzan', 'kavol', 'chèvre']
4.787015485682215	0.028675071238929237	['courcy', 'numéro', 'numéro numéro', 'haymann', 'os', 'jaguar', 'voies', 'drancy', 'fabricants', 'parallèle gauche']
4.732257005591324	0.029602015781347395	['kryn', 'orionis', 'universelia', 'phénix', 'pensants', 'oiseau', 'gahn', 'evguenir', 'joyau', 'tivali']
4.668575877520284	0.030719390462935554	['sandwich', 'verdhuren', 'michèle', 'raybaud', 'wexford', 'crapule', 'mantoff', 'laviolette', 'ennemie numéro', 'novacek']
4.668575877520284	0.030719390462935554	['baumann', 'shaughnessy', 'robilliard', 'bâte', 'inspecteur byram', 'présidente', 'rencontrer', 'byram', 'wexford', 'cares']
4.548494415948932	0.03294770576121426	['mme albici', 'knackbusch', 'terre sautées', 'pommes terre sautées', 'albici', 'meubles', 'mcgowan', 'chambre', 'sautées', 'confrère']
4.545895068480611	0.03299776588079229	['peinture', 'peintre', 'tableaux', 'peintres', 'artiste', 'peindre', 'portrait', 'tableau', 'œuvres', 'malmora']
4.36408250819499	0.03670424355499754	['valérie', 'film', 'granget', 'acteurs', 'césars', 'citizen', 'acteur', 'espionnage', 'films', 'cinéma']
4.134524855856775	0.04201686138279904	['jirel', 'talhael', 'lumière', 'jent', 'noiroir', 'splendeur', 'nuit', 'évariste', 'étoiles', 'tonnerre']
4.134524855856775	0.04201686138279904	['roches', 'broken', 'rivière', 'construction', 'minéraux', 'bâtiments', 'jent', 'vaisseau stellaire', 'granité', 'edmée']
4.134524855856775	0.04201686138279904	['tokyo', 'nagisa', 'vois yeux', 'burano', 'cantrell', 'jungle', 'aimaina', 'kimura', 'japonais', 'yasujiro']
4.1106636669673104	0.04261363711982765	['thérèse', 'françois', 'agnès', 'fiancé', 'lenno', 'épouser', 'joëlle', 'félicité', 'grenoble', 'mariage']
4.103156130584755	0.04280324055217035	['diaspad', 'ratz', 'bugul', 'lherbier', 'gaohn', 'pistolet', 'verrière', 'gage ratz', 'questions poser questions', 'scrutateur']
4.103156130584755	0.04280324055217035	['daily', 'welby', 'monkey', 'justiciers', 'daily mégaphone', 'mégaphone', 'thory', 'presse', 'conditionnel', 'journalistes']
4.00625166713322	0.04533182636823726	['edmée', 'andré', 'consul', 'andré edmée', 'bonnard', 'masselot', 'shanghaï', 'arquebuse', 'dorigen', 'styron']
4.002323420137144	0.045437587563528975	['delten', 'vorst', 'plani', 'shuan', 'closter', 'kort', 'gitamorn', 'gitamorn suul', 'suul', 'fratri']
3.9925751597505243	0.04570116689184127	['eléna', 'estafette', 'delman', 'âge', 'apercevras', 'mélina', 'manosque', 'oncle écrit', 'drôlement raison', 'machinos']
3.842899067517866	0.049957072098646416	['walt', 'hôpital', 'police', 'demanda', 'phéronomes', 'triss', 'fit', 'type', 'regarda', 'murmura']
3.772576337835245	0.052099327711021534	['treuffais', 'gardella', 'baher', 'boltover', 'bledd', 'pennaroya', 'xerox', 'blackie', 'copeau', 'poniachet']
3.7271019581646225	0.05353620488413006	['achron', 'argyropoulos', 'chauve', 'corson', 'assommait', 'foran', 'zôl', 'errull', 'zôls', 'guerres']
3.7271019581646225	0.05353620488413006	['jingles', 'grecs', 'follet lait vache', 'follet lait', 'feu follet lait', 'larmes', 'revivre moments', 'fiancé', 'divorce', 'caresses']
3.556335080412534	0.05931857124203161	['howe', 'aveyard', 'constable', 'poulain', 'foote', 'colliers', 'assistant shérif', 'superintendent', 'knep', 'régisseur']
3.4247098406371013	0.06422752890979228	['archim', 'gouvernement', 'politique', 'aragonès', 'senfout', 'général', 'edijha', 'parti', 'beyle', 'japcase']
3.420718255654158	0.06438299560176883	['dollars', 'veux', 'banque', 'millions', 'somme', 'schots', 'payer', 'demande', 'frais', 'leonards']
3.4192967754872985	0.06443845717197474	['wexford', 'ceresola', 'burden', 'rushworth', 'nollet', 'blindé', 'copeau', 'dover', 'rails', 'street']
3.3270455679918918	0.06814918926177373	['phallocrates', 'timbres', 'jérémie', 'annonces', 'ans', 'abstenir', 'cave', 'timbres poste', 'maturité', 'bretonne']
3.3270455679918918	0.06814918926177373	['cromwell', 'homett', 'hornett', 'gouverneur', 'sucre orge', 'androbots', 'farfalou', 'photoïde', 'orge', 'momie']
3.3270455679918918	0.06814918926177373	['joëlle', 'régis', 'magnani', 'monter barque', 'moxo', 'raybaud', 'cantor', 'veux', 'combat zone', 'demandé pouvais']
3.318998785338919	0.0684835237423445	['fêlure', 'coup foudre', 'gimlet', 'foudre', 'larbins', 'décidé coopérer', 'grandes mains chaudes', 'cheville', 'nabote', 'lupin']
3.3153577041227837	0.06863538256785678	['phœnix', 'geeking', 'calder', 'éditions phœnix', 'laouedj', 'tests', 'entrepreneurs', 'secrétaire présidente', 'directeur adjoint', 'éditions']
3.3153577041227837	0.06863538256785678	['fantômes', 'fantôme', 'kalle', 'seyroles', 'airelles', 'cléo', 'léna', 'bérénice', 'vangeli', 'délia']
3.3153577041227837	0.06863538256785678	['nilssen', 'moustier', 'michèle', 'villojane', 'belfand', 'garron', 'gingivite', 'andré', 'cuzco', 'ambassade']
3.3003133868404	0.0692666671119135	['loose', 'électriques', 'musée', 'sern', 'rue', 'jallud', 'méduse musée', 'caravane', 'cires', 'lumière']
3.127712812846516	0.07697165904148344	['cury', 'standish', 'cité', 'finch', 'leader', 'wil', 'steiner', 'dieux', 'envahisseur', 'lire']
3.068829154635548	0.07980693194029548	['choulon', 'hülle', 'méry', 'voix', 'mulé', 'grosse bête', 'brockmeier', 'briancourt', 'parut', 'sûr']
2.9613900317868858	0.08527460242198262	['cheval', 'skiath', 'soso', 'jument', 'appelle cheval', 'manilo', 'baulino', 'chevaux', 'marcheret', 'demné']
2.9353399449551496	0.08666041821960985	['baldridge', 'collège', 'pleurer fatigue', 'manqué chose', 'réunir affaires', '42 crew', 'crew', 'singerie', 'mère', '42']
2.9353399449551496	0.08666041821960985	['vorst', 'souvenirs', 'déconditionnement méditatif', 'déconditionnement', 'méditatif', 'film', 'mésange', 'veux composer', 'closter', 'rencontrée semaine']
2.896196733603359	0.08878881744624008	['bascus', 'madu', 'bailea', 'flic', 'police', 'vagabond', 'mellors', 'haymann', 'policier', 'cruiser']
2.73768349626107	0.0980067469947558	['jambon', 'angèle', 'pain', 'raphaël', 'légumes', 'affaire rèche', 'buizeness', 'steack poivre', 'mimizan', 'frites']
2.7357404835177848	0.0981260089007639	['piscine', 'geddes', 'beach', 'eau', 'eivor', 'edmonds', 'sosso', 'ruiner santé', 'göran', 'fantin']
2.6675373280190007	0.10241438355997053	['fintan', 'meroë', 'cready', 'maillot', 'haie', 'gâteux', 'fossette', 'fleuve', 'maillot mort', 'dents']
2.6675373280190007	0.10241438355997053	['carrier', 'selmer', 'tomek', 'os seiche', 'fender', 'seiche', 'jonis', 'orchestre', 'weller', 'rossinante']
2.6491750380040964	0.10360364936849668	['crumbs', 'bross', 'signore gambini', 'gambini', 'chocolaté', 'puppy', 'signore', 'chocolaté mulligan', 'décorateur', 'mulligan']
2.631567963529728	0.10475821448179704	['boccherini', 'schumann', 'musique', 'opéra', 'orengo', 'malibran', 'théâtre', 'clown', 'bannister', 'géricault']
2.5782537258454425	0.10834112574068891	['ordinateur', 'écran', 'graceland', 'cassette', 'créature', 'sammel', 'machines', 'grandis', 'furst', 'ordinateurs']
2.560306910380028	0.10957730894693736	['brouet', 'castelard', 'faradi', 'panthère', 'château', 'gamin', 'roquois', 'valérie', 'dauffrat', 'épaule']
2.553180915762539	0.11007244274075709	['évelyne', 'pistodard', 'labrador', '88', 'transmat labrador', 'mis défi', 'transmat', 'krug', 'ordinateur', 'jours']
2.553180915762539	0.11007244274075709	['abdiquai', 'cornouailles', 'père', 'mère', 'femme camarade', 'rivelli', 'embrassé femme', 'attachée cou', 'fitzhoward', 'iseut']
2.553180915762539	0.11007244274075709	['géorgie', 'théo', 'thornbike', 'mlle thornbike', 'danser', 'montagnes vertes', 'inviter', 'article', 'falls', 'euphémisme']
2.553180915762539	0.11007244274075709	['blues', 'musique', 'alladale', 'clarinette', 'jouait', 'haguenier', 'chanson', 'sex pistols', 'pistols', 'trompette']
2.553180915762539	0.11007244274075709	['jarid', 'kingkrab', 'yasimin', 'wadaïmo', 'isalko', 'netan isalko', 'netan', 'semeru', 'esquif', 'jarreau']
2.412303312975631	0.1203851203068969	['corps', 'yeux', 'visage', 'mains', 'tête', 'coup', 'jambes', 'fit', 'gauche', 'cheveux']
2.3934315671322848	0.1218459009081078	['odeur', 'odeurs', 'parfum', 'gozals', 'parfums', 'biltine', 'petitjean', 'sunapee', 'ivresse', 'souvenirs']
2.3169710242830686	0.12796899843075496	['heures', 'demain', 'semaine', 'pouvais', 'matin', 'viens', 'heure', 'choses', 'valupeyk', 'apporte traductions']
2.311783583886667	0.12839664574972334	['prentiss', 'mme prentiss', 'tempest', 'mme', 'géante', 'carrisbeck', 'parsons', 'mme parsons', 'mère', 'mme tempest']
2.311783583886667	0.12839664574972334	['orlo', 'lilgin', 'jodell', 'megara', 'savants', 'dictateur', 'ishkrin', 'cité communications', 'higenroth', 'bylol']
2.182041254097495	0.13962916211634435	['harker', 'tête tourne', 'corson', 'jour cessa', 'chantage', 'cécile', 'niss', 'cury', 'steiner', 'gonflé']
2.182041254097495	0.13962916211634435	['hervé', 'angleterre', 'françoise', 'hermely', 'gustou', 'bretagne', 'syd', 'cormier', 'lucrèce', 'général']
2.1237521471588963	0.1450308550393618	['léonard', 'cass', 'beyle', 'voiture', 'lilienborn', 'yamanote', 'colle', 'chambers', 'chef chef', 'xiv']
2.105746503962777	0.14674671213237203	['michèle', 'braden', 'usine', 'armstead', 'caporal', 'technic', 'fuentès', 'trader', 'makaire bleu', 'makaire']
2.0430546619285437	0.1529023312571729	['rue', 'ansart', 'boulevard', 'café', 'hôtel', 'soir', 'himes', 'quartier', 'tournon', 'restaurant']
2.03187779849835	0.15403019376032145	['beegan', 'vidame', 'showbiz', 'chauffard', 'hissune', 'tué beegan', 'bullourde', 'impasse bullourde', 'poèmes', 'deeds']
2.0130795500335497	0.15594848332326205	['baiser', 'lèvres', 'embrasser', 'murmura', 'bouche', 'étreinte', 'désir', 'corps', 'qaasi', 'embrassa']
2.004273301114667	0.15685644694573997	['femmes', 'femme', 'hommes', 'conaire', 'amazones', 'veux', 'faut', 'mecs', 'féministes', 'filles']
2.00312583356661	0.15697519769518473	['totor', 'costermann', 'raphaële', 'herth', 'benitez', 'club', 'chinois', 'henekeys', 'tables', '252']
2.00312583356661	0.15697519769518473	['broehm', 'innid', 'copeau', 'raphaële', 'innid brennen', 'brennen', 'viard', 'multimate', 'système noétique', 'feintes']
1.9500115844729482	0.16258560239459868	['valérie', 'granget', 'archiduc', 'cécile', 'sernine', 'françois', 'cyllirie', 'michèle', 'pierrou', 'thérèse']
1.8237634620332077	0.17686595386833903	['cassiân', 'yrvène', 'sélèn', 'még', 'édouard', 'loumka', 'burr', 'écailles', 'suttondale', 'argyre']
1.7674119913164485	0.1837026900519751	['cio', 'mme albici', 'mlle siltanen', 'albici', 'allez', 'siltanen', 'caria', 'stepford', 'saw', 'etje']
1.7194711204938216	0.18976113759622226	['terrasse', 'cemp', 'jern', 'townsend', 'savait', 'pyaung', 'piège', 'affer', 'nollet', 'images']
1.6955258532331392	0.19287413892935149	['professeur', 'école', 'élèves', 'étudiants', 'lycée', 'classe', 'professeurs', 'fredrika', 'année', 'étudiant']
1.6692164341855458	0.19636351951026126	['cow', 'fayolle', 'vache', 'porc', 'cuirassier', 'pacotte', 'isel', 'moss', 'gogleth', 'dis']
1.6250096537274619	0.2023946753320776	['englemont', 'gisèle', 'table orientation', 'chambre', 'garage face', 'avenue', 'kirschner', 'cartaud', 'baden', 'valise']
1.5811310110026877	0.2085978556948561	['étrangleur', 'morganna', 'cass', 'kantana', 'devane', 'yassif', 'pygmées', 'brauxton', 'lieutenant', 'femme']
1.5164978847682953	0.2181502379098342	['torrez', 'paquelin', 'lanquetot', 'steinhardt', 'mme aubertet', 'felden', 'commissaire', 'teal', 'quertier', 'voiture']
1.5094318559224043	0.21922580058578484	['radley', 'matthews', 'mère', 'raventhorpe', 'fit', 'bowland', 'ravensdale', 'garçons', 'oddie', 'vacances']
1.4905715236488994	0.2221278059004989	['carnivore', 'nicodème', 'shakespeare', 'viande', 'bête', 'azna', 'tunnel', 'étang', 'serpent mâle', 'limaces']
1.4849192361136279	0.22300644542890846	['robot', 'jenkins', 'saïz', 'nicodème', 'félix', 'wazi', 'carnivore', 'couac', 'stimulateur', 'rhésus']
1.4806950158934429	0.2236658122776234	['windspear', 'hodge', 'hurricane bluff', 'hurricane', 'pourtant', 'chérie', 'déjà retard', 'extorquer', 'racheté', 'amandes']
1.4806950158934429	0.2236658122776234	['brunebroucke', 'renée', 'helvin', 'loussa', 'chanson', 'babylone', 'demanda case', 'case', 'brenàn', 'cube']
1.4806950158934429	0.2236658122776234	['simulatron', 'amnésie', 'pohl', 'rêves', 'soucieux', 'armitage', 'mémoire', 'recherches', 'arrivée hier', 'souvenirs']
1.4806950158934429	0.2236658122776234	['nexus', 'nicodème', 'hulann', 'shakespeare', 'harker', 'danybot', 'intelligence', 'bemie', 'doter', 'terrien']
1.4806950158934429	0.2236658122776234	['sœur', 'carista', 'cousin', 'cousin dunkam', 'tante', 'bague', 'tante père', 'enquêteurs privés', 'genre discussion', 'cashmere']
1.4806950158934429	0.2236658122776234	['mongougeot', 'maîtresse titre', 'edmée', 'amédée', 'césar', 'pompadour', 'éditions soir', 'céramiste', 'archiduc', 'ancien']
1.462508688354716	0.22653138366447864	['gerfaut', 'drakhane', 'koreh', 'jahol', 'méry', 'flaming', 'fumette', 'darche', 'branche', 'douairière']
1.4480983668016796	0.22883333088589292	['natchez', 'pr hyssop', 'hyssop', 'edmonds', 'boire', 'bouteille', 'garrison', 'pr', 'penthotal', 'verre']
1.4245298835261861	0.23265924310928876	['cholly', 'breedlove', 'mutin mutant', 'bidule', 'dis', 'connaissons', 'mort lente', 'frédéric', 'luge', 'mutin']
1.4158347647725984	0.2340901988166374	['glair', 'toledo', 'tileman', 'hemming', 'dr tileman', 'michèle', 'lapointe', 'michèle veux', 'vieilles dames', 'frères mémoire']
1.4158347647725984	0.2340901988166374	['maigret', 'saltram', 'saltram lodge', 'fenn', 'lodge', 'burden', 'lapointe', 'incendiaire', 'demande écoute', 'entrée musée']
1.4158347647725984	0.2340901988166374	['feldman', 'ans signifiait', 'papier absorbant', 'faut constituer', 'capitaine port', 'répond', 'constituer dossier', 'bonblanc', 'régnerait', 'petits jeunes']
1.4158347647725984	0.2340901988166374	['keif', 'disquette', 'norsworthy', 'rire', 'bigeard', 'monkey', 'végète', 'aimline', 'foule retourne', 'weller']
1.4158347647725984	0.2340901988166374	['soldat', 'stéphan', 'armée', 'step', 'insigne', 'lieutenant', 'voir note', 'flamme réchaud', 'tire bouffée', 'démissionnez']
1.4157823421665334	0.23409885821034995	['verre', 'verres', 'boire', 'pudding', 'mme cipolla', 'cipolla', 'tasse', 'thé', 'grindley', 'irène']
1.3554352154062252	0.24433016794623835	['ewell', 'gribben', 'ryker', 'sirany', 'groberg', 'vialles', 'mme groberg', 'greenford', 'framley', 'brandshaft']
1.2899338874348172	0.25606013471779737	['maestro', 'goussault', 'palachek', 'manenkov', 'goulade', 'hervé', 'trentin', 'mugnier', 'pâtissier', 'dancourt']
1.2887446735517214	0.25627942025542066	['centenier', 'tombaugh', 'épée', 'avancement', 'attendais', 'forestier', 'béatrix', 'mort sépare', 'hegel', 'grayswandir']
1.2887446735517214	0.25627942025542066	['fleurs', 'sénateur', 'régine', 'stauminaup', 'feuilles', 'noires', 'boutons mandarins', 'jaunes', 'mme matchett', 'piscine']
1.2597264685597889	0.26170287270420006	['porte', 'escalier', 'marches', 'ascenseur', 'baher', 'ouvrit', 'couloir', 'mur', 'corridor', 'immeuble']
1.246037589449338	0.264310627839415	['pianos', 'quade', 'nimier', 'cercueil', 'cimetière', 'nabounassar', 'kraken', 'pigmy', 'fœtus', 'morts vivants']
1.1996498693888071	0.2733916693464449	['juifs', 'juif', 'israël', 'rabbi', 'raverdy', 'rabbin', 'juive', 'israël raverdy', 'egypte', 'hérode']
1.157905768121092	0.2819002894597339	['édouard', 'cédric', 'arche', 'crainte mêlée', 'maison autriche', 'noé', 'consigne', 'sorte crainte', 'mordécaï', 'autriche']
1.157905768121092	0.2819002894597339	['yudel', 'amnésie', 'bande', 'tricheurs', 'créativité', 'chocolaté', 'tricheuses', 'profils', 'oa', 'gaws']
1.1558917919433336	0.28231917891361524	['comète', 'brionne', 'quéré', 'seigneur', 'charge écuyer', 'comète comète', 'délassement', 'khym', 'compagnonnage', 'isambour']
1.1558917919433336	0.28231917891361524	['cilima', 'ribeauvillé', 'garçon', 'langlais', 'décrochage', 'skinner', 'sammel', 'normaliens', 'perlouze', 'effaçoir']
1.1558917919433336	0.28231917891361524	['swwfw', 'gratinée', 'décati', 'rémy', 'valleroy', 'aimline', 'keîsey', 'klyd', 'médiateur', 'oligarche']
1.1336082650694435	0.28700699609897873	['jago', 'thackeray', 'cribb', 'orlo', 'suchman', 'radstock', 'chanfond', 'remettent', 'commanditaire', 'cabriolet']
1.1336082650694435	0.28700699609897873	['massom', 'ulm', 'ferrières', 'glucken', 'costermann', 'higenroth', 'révérend dinsmore', 'jov', 'chabrand', 'obscurantisme']
1.1336082650694435	0.28700699609897873	['pecola', 'standish', 'creevy', 'genoa', 'bébés', 'finch', 'trappe descendit', 'endroit habiter', 'mercière', 'orlo']
1.1336082650694435	0.28700699609897873	['quade', 'jumeaux', 'frère sœur', 'thayer', 'frère', 'gémellité', 'sœur', 'quade père', 'enquêtes génétiques', 'rouquines']
0.9806069769314676	0.3220489992719396	['cready', 'alley', 'skinner', 'nabab', 'tigre', 'mcgowan', 'braunen corp', 'braunen', 'œuvres charité', 'corp']
0.9806069769314676	0.3220489992719396	['michaelson', 'jenkins', 'lefleur', 'nims', 'nims nims', 'affaires scientifiques', 'garrison', 'chef équipe', 'diplôme', 'services sociaux']
0.9806069769314676	0.3220489992719396	['léoni', 'tardiveau', 'aubertet', 'mugnier', 'boucheseiche', 'gourel', 'rageblanc', 'cuttoli', 'crémière', 'fajon']
0.9806069769314676	0.3220489992719396	['starling', 'gard', 'professeur dessin', 'artiste', 'exposition', 'rente versée', 'merveilleuse femmes', 'loupe', 'imperméable marron', 'mène']
0.9806069769314676	0.3220489992719396	['posador', 'arquebuse', 'bejardy', 'baisée', 'appelait geneviève', 'habité quartier', 'quartier', 'dû retenir', 'geneviève', 'couture']
0.9607247668794665	0.3270043408329024	['bateau', 'gee', 'twain', 'eau', 'shrimp', 'cabine', 'barque', 'quai', 'périclès', 'prisko']
0.9486786066016357	0.3300558748343887	['chats', 'cathau', 'cabusse', 'animal', 'lorque', 'yeux', 'gahl', 'catlin', 'gold', 'torpille']
0.909179013696118	0.3403323444061671	['survivants', 'manenkov', 'gaël', 'ludvîk', 'mme dawkins', 'jeanmaire', '575', 'recensée', 'ambition', 'sexomorphe']
0.909179013696118	0.3403323444061671	['monkey', 'singe', 'godall', 'ziggy', 'dr zujaran', 'zujaran', 'singes', 'scuffles', 'casaubon', 'aw']
0.909179013696118	0.3403323444061671	['oc', 'zwickau', 'quim', 'fileclerk', 'schlomo', 'sotte', 'xvi siècle', 'connotation', 'péjoratif', 'saillir']
0.909179013696118	0.3403323444061671	['tokyo', 'twern', 'horc', 'djalaluddin', 'togaïl', 'helvin', 'treuffais', 'claymore', 'twern veux', 'merbok']
0.9015909729546703	0.34235547077138206	['raphaële', 'oxan', 'cantor', 'vorst', 'donofrio', 'roditis', 'galettes', 'markusby', 'log', 'ethéré']
0.9015909729546703	0.34235547077138206	['zorro nap', 'zorro', 'nap', 'calacan', 'tyran', 'faucon', 'sammel', 'torrez', 'syncope', 'réparaz']
0.8962080729991184	0.34380050507600646	['père', 'rendall', 'sambro', 'enfants', 'certificat naissance', 'péché', 'classe', 'naissance', 'parents', 'mère']
0.8129112890334405	0.36726092469643445	['huile', 'panne', 'bricoleur', 'pouvez ignorer', 'étrave', 'panne externe', 'moteur', 'station', 'eboe', 'pression']
0.8125048268637309	0.36738073263826865	['émile', 'viard', 'tozzi', 'tchad', 'rouvre', 'stratton', 'missouri', 'mme rouvre', 'liverion', 'restez responsable']
0.8125048268637309	0.36738073263826865	['gauchet', 'sern', 'dangeolet', 'bureau', 'provincial', 'bauchet', 'sernine', 'souffries', 'documents', 'sern gauchet']
0.8076020575210698	0.3688301541279725	['porte', 'escalier', 'chambre', 'ouvrit', 'murdoch', 'skidmore', 'étage', 'aimée', 'femme', 'cuisine']
0.7696426019563183	0.38032763897627675	['prêtre', 'puymartin', 'père', 'haguet', 'cabusse', 'vandoosler', 'général terrazas', 'terrazas', 'abbé', 'évêque']
0.7696426019563183	0.38032763897627675	['revue', 'polska', 'auteur', 'chauve', 'kürz', 'nourissier', 'varsovie', 'amis', 'envierges', 'rue envierges']
0.7292055213103481	0.39314083121664534	['pouvais', 'sentais', 'savais', 'mère', 'porte', 'temps', 'chose', 'voyais', 'père', 'corps']
0.7157694650659963	0.3975351172012862	['thackeray', 'strychnine', 'boulettes', 'glacière', 'bardot', 'cru allait frapper', 'parenthèse', 'chasse eau', 'lavigie', 'cadeau']
0.7129644975646272	0.3984614237591748	['whitewell', 'mariage', 'corla', 'métilde', 'novinha', 'femme', 'lettre', 'cholen', 'allait', 'aimait']
0.6810182206428521	0.40923632390528153	['xemahoa', 'piggies', 'docteur burmeister', 'burmeister', 'lidla', 'poupée', 'séjour', 'overdose', 'mal commencer', 'fibre maternelle']
0.6500038614909847	0.42011129897043586	['créativité', 'contrariété', 'vorst', 'dessin', 'hot dogs', 'dogs', 'peintre', 'faux soldats', 'ravot', 'regain']
0.6500038614909847	0.42011129897043586	['carthy', 'voyagiste', 'bébé', 'mme carthy', 'gaël', 'fatiguée', 'satin bleu', 'embrassais', 'manson', 'bébés']
0.6500038614909847	0.42011129897043586	['modèles', 'retoucheuse', 'moyen toucher', 'oddie', 'lariboisière', 'japonais', 'keraij', 'tivali', '30', 'jérémiah']
0.6010606486364551	0.438173626502787	['gazol', 'méry', 'porte wagon', 'profitendieu', 'quai', 'zoé', 'caloub', 'fredrika', 'phébé', 'consul']
0.5835290292309172	0.4449323691934659	['môle', 'chef informations', 'ïî', 'warum', 'mongolo', 'flugman', 'mlle dupré', 'tatav', 'valleroy', 'klyd']
0.58268127717169	0.445263260873466	['glace', 'vent', 'froid', 'glacé', 'flocons', 'vent glacé', 'tempête', 'nuit', 'woji', 'traces']
0.5626780394701285	0.453183227792334	['route', 'kilomètres', 'arbres', 'autoroute', 'voiture', 'chauffeur', 'récifs', 'ennian', 'paysage', 'pont']
0.558303787744654	0.45494448067122917	['viaduc', 'valjean', 'gare', 'périphérique', 'quartier', 'gerfaut', 'rue', 'sarazat', 'circulation', 'jov']
0.47673866471790016	0.4899032930609588	['pélagie', 'abassa', '11 heures', 'sourate', 'baltimore', 'bishop', 'baltimore baltimore', '11', 'inspecteur académie', 'joué joué']
0.47338965609820116	0.49143188746150923	['garçon', 'regard', 'soudain', 'norwood', 'parles', 'femme', 'vraiment', 'rentrer', 'jalouses', 'vivre père']
0.4501424315761029	0.5022673236413205	['butron', 'kœlman', 'quipuzcoa', 'ventrée', 'père', 'lycée', 'brossier', 'comptable', 'quille', 'commissaire boulle']
0.44916294095767206	0.5027327285914349	['harkness', 'kif', 'jarid', 'kokody', 'jath', 'darzir', '404', 'furst', 'cluster', 'diaspad']
0.42604540640058275	0.5139358145666917	['shakespeare', 'carnivore', 'nicodème', 'limaces', 'frédi', 'macbeth', 'crâne shakespeare', 'sentier', 'représentation', 'tubulure']
0.4143892659906614	0.5197500525165724	['beeding', 'répondit', 'sûre', 'répliqua', 'robe', 'femme', 'mère', 'kellogg', 'dîner', 'hôtesse']
0.40319578538199297	0.5254434183535335	['hot springs', 'snow', 'springs', 'magasin souvenirs', 'mme snow', 'hot', 'patronne', 'rochebrune', 'tulley', 'dennison']
0.39991583978298095	0.5271327238992529	['allemands', 'français', 'russes', 'armée', 'française', 'général', 'allemand', 'lacenaire', 'révolution', 'ministre']
0.3928239952072472	0.5308187127574311	['train', 'gare', 'voyageurs', 'métro', 'quai', 'wagons', 'wagon', 'station', 'trains', 'compartiment']
0.3564822487823136	0.5504664250682061	['film', 'pubs', 'weller', 'cinéma', 'producteur', 'cinématographique', 'chameau', 'tournage', 'publicité', 'bailor']
0.3155931040654665	0.5742681425844551	['daïren', 'noé', 'hulann', 'froid', 'ladier', 'skis', 'zeltran', 'lohiro', 'lanières cuir', 'naoli']
0.3155931040654665	0.5742681425844551	['fleurs', 'bohrt', 'fleuve noir', 'orchidée', 'pissenlit', 'cécile', 'portugais', 'mandahar', 'fouldroule', 'fleuve']
0.3018863711844746	0.5827022451566046	['fortineau', 'romanov', 'méry', 'chanfond', 'brochette', 'stéphanie', 'keraij', 'rené', 'rodes', 'chanfond voix']
0.3018863711844746	0.5827022451566046	['lainie', 'spalding', 'atchinson', 'lainie yeux', 'hilliker', 'mariage', 'mère', 'lainie regardait', 'glaciale', 'radley']
0.3018863711844746	0.5827022451566046	['robe', 'oklie', 'broche', 'oklie dodds', 'sulie', 'dodds', 'bazelle', 'fermoirs', 'pull', 'etait']
0.30053032431822757	0.5835501459473544	['harker', 'bleu limpide', 'patchett', 'limpide', 'mendiant', 'sutter', 'step', 'harker voix', 'aigle', 'galactique']
0.30053032431822757	0.5835501459473544	['mont vénus', 'vénus', 'palais glaces', 'orwell', 'sérigny', 'pressa touche', 'mont', 'hais héroïne', 'trappe verrouillée', 'bout bout bout']
0.30053032431822757	0.5835501459473544	['branhaelle', 'muldoon', 'twern', 'djorb', 'monseigneur', 'horcs', 'irlandais', 'elidath', 'tunigorn', 'talhael']
0.30053032431822757	0.5835501459473544	['murdoch', 'garros', 'frédéric', 'muntz', 'citibank', 'flox', 'annonceurs', 'nicaud', 'oubliez compte', 'smithtown']
0.2526097821313815	0.6152434150769546	['mugnier', 'siboni', 'amérique', 'loin amérique', 'léoni porte', 'fouille dossier', 'amérique loin', 'socialos', 'picabia', 'pieds trottoir']
0.2526097821313815	0.6152434150769546	['hennegan', 'yudel', 'dîner', 'touristes moyens', 'maxicorp', 'gomina', 'prit assiette', 'cuisine', 'bemie', 'œilleton']
0.2526097821313815	0.6152434150769546	['brubaker', 'michèle', 'dors', 'raser jambes', 'descends', 'heineken', 'daumier', 'air coup', 'raser', 'godillots']
0.251867263486254	0.615763337996601	['mariage', 'épouser', 'femme', 'divorce', 'veux', 'enfants', 'mariés', 'besoin', 'épouse', 'mieux']
0.22507121578805145	0.6352027786141621	['datsun', '1995', 'pain maïs', 'marocain', 'docteur stahlmann', 'stahlmann', 'permissif', 'nebbi', 'table couche', 'couche']
0.22507121578805145	0.6352027786141621	['avion', 'pilote', 'orloff', 'selmer', 'singapour', 'nielsen', 'appareil', 'whitewell', 'dearborne', 'piste']
0.22507121578805145	0.6352027786141621	['patillot', 'bylol', 'haas', 'brevets', 'tidal', 'laney', 'nymphettes', 'western', 'corporation', 'tarte citron']
0.2081522367110269	0.6482195326987128	['leaper', 'vêtements', 'irv', 'leviticus leaper', 'leviticus', 'tenue', 'chemise', 'ganimard', 'canot', 'cravate']
0.2081522367110269	0.6482195326987128	['français', 'langue', 'latin', 'participe', 'chanteloup', 'graffigny', 'grec', 'gabrièle', 'verbes', 'moros']
0.20225118329263148	0.6529098589912505	['sbire', 'noséné', 'télévision', 'télé', 'science noire', 'miramion', 'médias', 'pinocchio', 'science', 'étranges créatures']
0.20225118329263148	0.6529098589912505	['swigert', 'pilote', 'zawech', 'haise', 'selmer', 'module', 'module commande', 'szellam', 'szellam ghur', 'ghur']
0.20225118329263148	0.6529098589912505	['bruder', 'pensionnat', 'agrippale', 'enfance', 'cécile bruder', 'goulade', 'métro', 'rue', 'vieille', 'poules oies']
0.18638816445499362	0.6659398734340904	['kg', 'gerfaut', 'pain', 'café', 'bière', 'repas', 'salade', 'jambon', 'kaltz', 'secrétaire etat']
0.1782411243911568	0.6728891679778494	['flocon', 'désincorporation', 'hawthorne', 'vieille', 'pension', 'conteur', 'rachat', 'adébenn', 'penn adébenn', 'dégoût yeux']
0.1782411243911568	0.6728891679778494	['lauzerte', 'hélix', 'irène', 'mé', 'geneviève', 'azaïs', 'pirouettes', 'rené', 'pérouse', 'essex street']
0.16128934581772825	0.6879722112817361	['yudel', 'ptorn', 'crack', 'bross', 'weizmann', 'rooney', 'chapeau pardessus', 'aamma', 'allez', 'sadève']
0.15779655203273324	0.6911933330641884	['ravot', 'fourrures', 'atelier', 'gués', 'coqs', 'doutes doutes', 'badineau', 'atelier ravot', 'trash', 'aubel']
0.15779655203273324	0.6911933330641884	['glair', 'sélèn', 'jakt', 'bouc air', 'hern', 'nacelle', 'bête', 'efforts montrer', 'drone', 'cou bête']
0.15779655203273324	0.6911933330641884	['firestone', 'grotte', 'persval', 'flambeau', 'caverne', 'flics', 'harker', 'corniche', 'djunguzz', 'achron']
0.15779655203273324	0.6911933330641884	['picasso', 'doigts gourds', 'pluie', 'réfectoire', 'gourds', 'maîtresse époque', 'soucis soucis', 'chaussures propres', 'tores', 'vent tourné']
0.12331167455750514	0.7254701018512362	['bross', 'battysens', 'weller', 'szimak', 'carenheim', 'népo', 'charboll', 'solnès', 'citizen', 'vinkler']
0.12129006538478704	0.7276394997981823	['président', 'rossinante', 'ministre', 'darnish', 'hulvey', 'gouverneur', 'présidente', 'politique', 'packer', 'busheïn']
0.11582825744927794	0.7336038804983462	['bataillon', 'pc', 'viets', 'légionnaires', 'bigeard', 'artillerie', 'lieutenant', 'langlais', 'assaut', 'officiers']
0.11283873577876369	0.7369351353024994	['pilon', 'scellés', 'labatti', 'banque', 'quimby', 'mourier', 'banques', 'slater', 'percepteur', 'chèque']
0.1077846121691508	0.7426805584260342	['poupée', 'poupées', 'mauffat', 'greublis', 'libellule', 'jouets', 'alêne', 'titou', 'poupée poupée', 'gosses']
0.10455530794199941	0.7464300914152778	['guitare', 'musique', 'madé', 'piano', 'danse', 'jarisme', 'musiciens', 'orchestre', 'salieri', 'watch']
0.10430245143661221	0.7467263681366874	['lupin', 'lanyon', 'sarazat', 'lampe', 'chef informations', 'électricien', 'lightyears', 'téléviseurs', 'sébastien', 'mauser']
0.08884767516939407	0.7656472411043204	['chambre', 'marylène', 'porte', 'joëlle', 'nuit', 'cuisine', 'sommeil', 'réveilla', 'bruit', 'ouvrit']
0.08351260610552469	0.7725924910647682	['alcool', 'nécrozones', 'eichbrunn', 'sébastien', 'jeb', 'commandant', 'faisait éloge', '8e escadrille', 'rajouter', 'adénosyne']
0.08351260610552469	0.7725924910647682	['smiley', 'comité', 'rawley', 'conseil', 'banachek', 'corporate', 'copropriété', 'sharts', 'bricoleur', 'diagrammes']
0.06911330649642178	0.7926322058628572	['dis', 'pouvais', 'chose', 'savais', 'yeux', 'mère', 'voulais', 'tête', 'envie', 'voir']
0.05567507073701694	0.8134670814557583	['frédi', 'cortexine', 'frédi frédi', 'directives', 'tzu', 'cellules', 'descolada', 'balles réelles', 'enlèverons', 'normaliser']
0.05567507073701694	0.8134670814557583	['saucisse', 'bricoleur', 'mulé', 'faucon glace', 'duralumin', 'chaussons course', 'fit mulé', 'nuage', 'troupeau', 'bronco']
0.05567507073701694	0.8134670814557583	['profitendieu', 'massé', 'molinier', 'tombait malade', 'joëlle', 'billots', 'mme cochart', 'cochart', 'hulotte', 'suggère']
0.05567507073701694	0.8134670814557583	['bradmer', 'sable', 'plage', 'aventurent', 'vagues', 'capitaine bradmer', 'barils', 'nuits', 'habits', 'coprah']
0.05567507073701694	0.8134670814557583	['valleroy', 'zeor', 'médiateur', 'klyd', 'denrau', 'donneur', 'léopoldine', 'latéraux', 'gallaugher', 'kriebel']
0.05567507073701694	0.8134670814557583	['shaquille', 'poisons', 'phébé', 'aggloméréville', 'soupe', 'anédrine', 'laney', 'bix', 'prescrivent', 'bix phébé']
0.03217086398215363	0.8576531673762878	['avé', 'miramar', 'consul', 'dessert', 'marmite soupe', 'chocolat', 'soupe', 'tipi', 'casserole', 'fête']
0.03217086398215363	0.8576531673762878	['émilie', 'photo', 'photos', 'skinner', 'oncle', 'plankaert', 'bayview', 'quince quince', 'pain epice', 'epice']
0.027054252841490545	0.869351896299738	['babyphone', 'mère', 'matrix', 'laviolette', 'enfants', 'carista', 'ommach', 'bébé', 'tokyo', 'lucides']
0.027054252841490545	0.869351896299738	['fédor', 'plani', 'objet', 'flocon', 'pettigrew', 'demander', 'poissons', 'mme wilkins', 'envie', 'œil moscou']
0.02520891313359197	0.8738476037011008	['mère', 'père', 'parents', 'dis', 'veux', 'enfants', 'besoin', 'faucon', 'choses', 'ans']
0.024128147986614	0.8765592905928306	['murieta', 'beyle', 'soûlas', 'cabinet affaires', 'kgb', 'sigueiras', 'carenheim', 'abbé', 'kgb envoyé', 'yeishi']
0.024061534005212937	0.8767284442539949	['valleroy', 'talhael', 'twern', 'klyd', 'zeor', 'nashmar', 'andle', 'talolahti', 'sihtric', 'helvin']
0.022211918792348517	0.8815247246386241	['horner', 'brigadier', 'bureau', 'coffre', 'taël', 'grégoire', 'ronsac', 'newcastle', 'lumière suppose', 'commissaire jessling']
0.022211918792348517	0.8815247246386241	['voiture', 'vieille sheckley', 'sheckley', 'hôpital', 'brumath', 'moorcock', 'tryon', 'renée', 'voitures', 'cambridge']
0.01335884233833684	0.9079850511203245	['freetime', 'gwener', 'ostrogot', 'pouvais', 'madère', 'aperth', 'savais', 'exéquateur', 'regardé', 'murillo']
0.012066228329283835	0.91253120357455	['musiciens', 'baroda', 'musique', 'houwa', 'velasquo', 'chef piste', 'tables', 'sanguinetto', 'orchestre', 'harid']
0.011622181975837476	0.914149405473182	['avion', 'aéroport', 'passeport', 'danois', 'sern', 'chacal', 'hôtesse', 'valise', 'kowalski', 'signor']
0.0018178746361350306	0.9659912663858509	['leguennec', 'vandoosler', 'beautés', 'jov', 'enfer', 'créateur', 'sexe', 'hervé', 'tripatouiller', 'bretelle fusil']
0.0018178746361350306	0.9659912663858509	['candidats', 'équipe bleue', 'équipe', 'dargel', 'fiches', 'manganèse', 'garett', 'murgatroyd', 'tourna', 'tests']
1.8145320131108048e-06	0.9989252133893443	['montreux', 'colleys', 'géronimo', 'voiture', 'androïde', 'montana', 'camion', 'route', 'mettre automatique', 'triss']
1.8145320131108048e-06	0.9989252133893443	['kernik', 'œuf bleu', 'villageois', 'hipprone', 'bufo', 'œuf', 'corson', 'âalkâ kâa', 'kâ âalkâ', 'âalkâ']
1.8145320131108048e-06	0.9989252133893443	['bocager', 'sel', 'garçons', 'noms garçons', 'dépôt armes', 'copeau', 'ombres', 'faut attaquer', 'oiseaux', 'briancourt']
1.8145320131108048e-06	0.9989252133893443	['goudes', 'fonfrin', 'strasbourg', 'lanyon', 'escobille', 'damm', 'ombre image', 'têtes moineau', 'marché noir', 'lherbier']
1.8145320131108048e-06	0.9989252133893443	['cantor', 'adichka', 'divisionnaire', 'divisionnaire coudrier', 'bénédicte', 'musique', 'coudrier', 'crapauds', 'colique', 'cornets']
1.8145320131108048e-06	0.9989252133893443	['garnel', 'pradon', 'lle deroze', 'tache', 'moniteurs', 'deroze', 'profitendieu', 'proposition', 'lle', 'piove']
