topic_no	topic_zeta	topic_words
1	0.026022348516625	['jirel', 'yeux', 'visage', 'corps', 'lumière', 'eau', 'cheveux', 'femme', 'tête', 'jambes']
14	0.020498754277453436	['mariage', 'épouser', 'femme', 'divorce', 'veux', 'enfants', 'mariés', 'besoin', 'épouse', 'mieux']
8	0.016166549276446836	['mère', 'savait', 'père', 'ans', 'femme', 'aimait', 'jour', 'voulait', 'faisait', 'enfants']
13	0.013457731115928878	['bureau', 'police', 'femme', 'heures', 'porte', 'commissaire', 'téléphone', 'demanda', 'secrétaire', 'lettre']
27	0.011759974563726239	['étrangleur', 'morganna', 'cass', 'kantana', 'devane', 'yassif', 'pygmées', 'brauxton', 'lieutenant', 'femme']
25	0.011303837676293461	['tibbie', 'diggan', 'miramonte', 'abuelita', 'soso', 'rawley', 'valoria', 'huff', 'ganaderia', 'mexicain']
41	0.010475214889429726	['redcloud', 'jiggs', 'navajo', 'zhdanov', 'mère', 'weaver', 'mister jiggs', 'sourire', 'indienne', 'vieille']
70	0.009734266304752659	['baiser', 'lèvres', 'embrasser', 'murmura', 'bouche', 'étreinte', 'désir', 'corps', 'qaasi', 'embrassa']
4	0.0082181518979254	['docteur', 'médecin', 'dr', 'infirmière', 'clinique', 'régine', 'malade', 'hôpital', 'lherbier', 'médecins']
59	0.008149119915921994	['sénateur', 'larkspur', 'kinkaid', 'khazar', 'chérie', 'mère', 'tchartoff', 'daldrin', 'père', 'garçon']
46	0.007496283705273511	['gretly', 'nichols', 'winesong', 'géraldine', 'bouloche', 'loney', 'snow', 'newcastle', 'cauldron', 'convent']
81	0.007118021904290045	['chambre', 'marylène', 'porte', 'joëlle', 'nuit', 'cuisine', 'sommeil', 'réveilla', 'bruit', 'ouvrit']
40	0.006791384713044846	['aimer', 'frédi', 'fouldroule', 'veux', 'amoureuse', 'dis', 'vivre', 'sentiments', 'tooley', 'cœur']
22	0.006681921420173893	['mère', 'père', 'parents', 'dis', 'veux', 'enfants', 'besoin', 'faucon', 'choses', 'ans']
87	0.006641410441698727	['beeding', 'répondit', 'sûre', 'répliqua', 'robe', 'femme', 'mère', 'kellogg', 'dîner', 'hôtesse']
52	0.006299636405005579	['mcginnis', 'mme', 'shamus', 'femme', 'sénateur', 'prit', 'irlandais', 'mme manchester', 'lança', 'lèvres']
50	0.006066449317499556	['radley', 'matthews', 'mère', 'raventhorpe', 'fit', 'bowland', 'ravensdale', 'garçons', 'oddie', 'vacances']
43	0.005978336943470972	['nessie', 'brockmeier', 'plani', 'matthews', 'sonar', 'finch', 'inverness', 'regarda', 'objet', 'chambre']
127	0.005968099655891702	['mélissa', 'prénom', 'mcclain', 'mlle', 'shipka', 'père', 'guinevère', 'voudrais', 'sourire', 'midi']
95	0.005766062602965404	['burrow', 'merriman', 'manoir', 'developers', 'atlantic developers', 'atlantic', 'barkeley', 'waters', 'domaine', 'rand']
42	0.005719337551095816	['chambers', 'scorpion', 'barlow', 'léonid', 'prit', 'désir', 'veux', 'voulut', 'chambre', 'voiture']
36	0.005584500125197645	['walt', 'hôpital', 'police', 'demanda', 'phéronomes', 'triss', 'fit', 'type', 'regarda', 'murmura']
57	0.00554311280303865	['neille', 'keys', 'weller', 'murmura', 'moxo', 'riposta', 'steinhardt', 'vraiment', 'regarda', 'colère']
62	0.005475913176010522	['danfield', 'femme', 'murmura', 'regard', 'présent', 'désir', 'compagnon', 'lorsqu', 'colère', 'compagne']
79	0.005403375819271802	['brago', 'gato', 'rutledge', 'tombstone', 'cheval', 'rancho', 'ranch', 'gato negro', 'negro', 'cass']
89	0.0053722257846920765	['miloz', 'ambassadeur', 'pepperdine', 'rembrandt', 'voix', 'caria', 'sourire', 'desprès', 'jansen', 'demanda']
69	0.005149275984765323	['whitewell', 'mariage', 'corla', 'métilde', 'novinha', 'femme', 'lettre', 'cholen', 'allait', 'aimait']
150	0.005040689035578199	['thérèse', 'françois', 'agnès', 'fiancé', 'lenno', 'épouser', 'joëlle', 'félicité', 'grenoble', 'mariage']
76	0.004797264660492905	['sandorf', 'nadiège', 'stéphane', 'owemberg', 'précepteur', 'winsky', 'régent', 'volnie', 'astianof', 'pétrow']
65	0.004652189947015464	['adèle', 'escudier', 'sourire', 'lèvres', 'littlefield', 'murmura', 'amoureux', 'bouche', 'doucement', 'yeux']
66	0.0045226902508278865	['morsi', 'viking', 'saunders', 'déclara', 'spécimen', 'drakkar', 'magnusson', 'poitrine', 'tête', 'nei']
60	0.004496439774116839	['verre', 'verres', 'boire', 'pudding', 'mme cipolla', 'cipolla', 'tasse', 'thé', 'grindley', 'irène']
101	0.004444815164378573	['porte', 'escalier', 'chambre', 'ouvrit', 'murdoch', 'skidmore', 'étage', 'aimée', 'femme', 'cuisine']
92	0.004377615537350445	['scalia', 'courcelles', 'camping', 'exclama', 'assura', 'demanda', 'congrès', 'clinique', 'bureau accueil', 'caravane']
2	0.004295358732481991	['dis', 'pouvais', 'chose', 'savais', 'yeux', 'mère', 'voulais', 'tête', 'envie', 'voir']
48	0.004247677669320952	['chats', 'cathau', 'cabusse', 'animal', 'lorque', 'yeux', 'gahl', 'catlin', 'gold', 'torpille']
83	0.004118616144975288	['rhéa', 'devlin', 'kilconnell', 'bouviers', 'cessna', 'rhéa cormack', 'maclver', 'cormack', 'voulait', 'sébastian']
116	0.004046078788236568	['catlin', 'bronzes', 'qin', 'donnel', 'danner', 'taïwan', 'conducteur qin', 'oncle', 'conducteur', 'chinois']
111	0.004046078788236568	['jument', 'femme', 'deaton', 'geste', 'voulait', 'grange', 'regard', 'pourtant', 'sentait', 'cœur']
110	0.004046078788236568	['sindbad', 'hardesty', 'foxgrove', 'geste', 'regard', 'écuries', 'sourire', 'phéronomes', 'deluth', 'cheval']
178	0.003973541431497848	['neille', 'moor', 'trenchard', 'mme moor', 'répliqua', 'dschang', 'virus', 'cuillère', 'mère', 'sonnerie retentit']
19	0.003936615495365615	['desprats', 'cité', 'appartement', 'garlonne', 'séréna', 'ostrer', 'vraiment', 'wishman', 'demanda', 'regarde']
51	0.003791978953730089	['andré', 'edmée', 'méry', 'andrek', 'félicien', 'gosses', 'gosse', 'andré regarda', 'demanda andré', 'couillon']
164	0.003771504378571549	['mclaren', 'jeb', 'selway', 'grenier', 'couteau', 'arche', 'shirt', 'lianes', 'couteau boucher', 'ténèbres']
29	0.0037452539018605017	['michèle', 'braden', 'usine', 'armstead', 'caporal', 'technic', 'fuentès', 'trader', 'makaire bleu', 'makaire']
113	0.003698967021832828	['sammel', 'larkin', 'bartell', 'darryn', 'wyndom', 'machine', 'machine remonter', 'machine remonter temps', 'sentit', 'remonter temps']
78	0.003626429665094108	['abri', 'flanagan', 'murmura', 'toit', 'maisonnette', 'demanda', 'cabane', 'lorsqu', 'envie', 'bière']
196	0.0035694673256452497	['bundo', 'salindi', 'marakunda', 'raphaël', 'range rover', 'range', 'rover', 'matope', 'batari', 'trafiquants']
137	0.0035383172910655246	['garçon', 'regard', 'soudain', 'norwood', 'parles', 'femme', 'vraiment', 'rentrer', 'jalouses', 'vivre père']
94	0.0033932425775880836	['mélanie', 'cartolucci', 'père', 'enquête', 'dossier', 'police', 'voiture', 'mathers', 'bureau', 'scandura']
215	0.0032948929159802307	['mccully', 'mlle', 'mme mccully', '1989', 'futur', 'mountainview', '1862', 'prospecteurs', 'larmes', 'evers']
54	0.003237492404689459	['professeur', 'école', 'élèves', 'étudiants', 'lycée', 'classe', 'professeurs', 'fredrika', 'année', 'étudiant']
176	0.0032223555592415104	['griff', 'wolverton', 'murmura', 'investisseur', 'maison', 'white springs', 'cave', 'clenche', 'lança coup œil', 'escalier']
216	0.0032223555592415104	['gomina', 'noël', 'sœur', 'kimball', 'sapin', 'baiser', 'caribou', 'dollars', 'skis', 'boule']
167	0.0032067805419516474	['nizan', 'salignac', 'césar', 'arrezzi', 'béarnais', 'lettre', 'maître', 'setter', 'béarn', 'orléans']
149	0.0031498182025027897	['bayview', 'voiture', 'jaguar', 'disquette', 'voiture marron', 'osrek', 'wilcom', 'deely', 'ravisseurs', 'recouvré mémoire']
219	0.0031498182025027897	['adolescent', 'mccrae', 'déteste déteste', 'desjardins', 'voir père', 'pendleton', 'père', 'déteste', 'agréablement narines', 'écouta femme']
98	0.0031498182025027897	['incendiaire', 'émission', 'michaëls', 'palm beach', 'palm', 'beach', 'présent', 'besoin', 'policier', 'voulait']
80	0.0030772808457640694	['cutter', 'skidmore', 'greenville', 'sœur', 'vaches', 'argyle', 'écurie', 'indemnité', 'bêtes', 'femme']
143	0.0030772808457640694	['frédi', 'grundwig', 'théâtre', 'administrateur', 'mme grundwig', 'acteur', 'banquier', 'danemark', 'ophélie', 'voiture']
234	0.0030617058284742064	['natchez', 'pr hyssop', 'hyssop', 'edmonds', 'boire', 'bouteille', 'garrison', 'pr', 'penthotal', 'verre']
71	0.0030461308111843443	['agnès', 'gimlet', 'sœur', 'intermezzo', 'pouvais', 'dis', 'lorenzaccio', 'montre', 'élèves', 'voulais']
358	0.0030203185063152112	['mélissa', 'syndrome tascoli', 'tascoli', 'syndrome', 'country club', 'country', 'nièce', 'aperçue', 'stark', 'subaru']
392	0.0030203185063152112	['sorcières', 'aiment', 'flirter', 'provocant', 'sourire', 'lendemain soir', 'hésitez', 'savais', 'désolée', 'regrette']
49	0.0029317679604447134	['heures', 'demain', 'semaine', 'pouvais', 'matin', 'viens', 'heure', 'choses', 'valupeyk', 'apporte traductions']
142	0.0028854810804170407	['fleurs', 'sénateur', 'régine', 'stauminaup', 'feuilles', 'noires', 'boutons mandarins', 'jaunes', 'mme matchett', 'piscine']
335	0.0028752437928377702	['hervé', 'angleterre', 'françoise', 'hermely', 'gustou', 'bretagne', 'syd', 'cormier', 'lucrèce', 'général']
171	0.00280270643609905	['brouet', 'castelard', 'faradi', 'panthère', 'château', 'gamin', 'roquois', 'valérie', 'dauffrat', 'épaule']
128	0.0027559813842294627	['valérie', 'granget', 'archiduc', 'cécile', 'sernine', 'françois', 'cyllirie', 'michèle', 'pierrou', 'thérèse']
270	0.0027457440966501922	['garrison', 'hmm hmm', 'hmm', 'mariage', 'vraiment cas', 'sentit', 'croyez insista', 'prie', 'chérie', 'désolé arrivé']
223	0.0027457440966501922	['gramps', 'temporelle', 'porte temporelle', 'épée', 'larmes montaient yeux', 'bataille', 'montaient yeux', 'larmes montaient', 'sudiste', 'tissu']
232	0.002673206739911472	['bélugas', 'seal', 'eisley', 'avion', 'têtes', 'flocons avoine', 'lèvres', 'vancouver', 'île', 'éveiller']
242	0.0026006693831727512	['flaming', 'commandante', 'cluster', 'furst', 'gondelor', 'katzenstein', 'mclasky', 'ismur', 'stengel', 'parapropulseur']
227	0.0024555946696953107	['michaelson', 'krauch', 'smitty', 'purdy', 'comptoir', 'bateau', 'veux remarier', 'veux', 'serveuses', 'ecoute']
239	0.0024400196524054477	['mme albici', 'knackbusch', 'terre sautées', 'pommes terre sautées', 'albici', 'meubles', 'mcgowan', 'chambre', 'sautées', 'confrère']
181	0.0024244446351155855	['valérie', 'film', 'granget', 'acteurs', 'césars', 'citizen', 'acteur', 'espionnage', 'films', 'cinéma']
255	0.0023986323302464525	['jingles', 'grecs', 'follet lait vache', 'follet lait', 'feu follet lait', 'larmes', 'revivre moments', 'fiancé', 'divorce', 'caresses']
68	0.0023363322610870023	['michaël', 'bogie', 'nouvelle orléans', 'orléans', 'bungalow', 'femme', 'casbah', 'pourtant', 'accident', 'porte']
389	0.002326094973507732	['sœur', 'carista', 'cousin', 'cousin dunkam', 'tante', 'bague', 'tante père', 'enquêteurs privés', 'genre discussion', 'cashmere']
97	0.002326094973507732	['bébé', 'mariage', 'femme', 'walsh', 'cœur', 'baiser', 'tendrement', 'ventre', 'larmes', 'répéta']
283	0.0023105199562178697	['avé', 'miramar', 'consul', 'dessert', 'marmite soupe', 'chocolat', 'soupe', 'tipi', 'casserole', 'fête']
231	0.0022535576167690115	['prentiss', 'mme prentiss', 'tempest', 'mme', 'géante', 'carrisbeck', 'parsons', 'mme parsons', 'mère', 'mme tempest']
44	0.0022219694103473723	['dollars', 'veux', 'banque', 'millions', 'somme', 'schots', 'payer', 'demande', 'frais', 'leonards']
306	0.002196595277320154	['tortue', 'ombres', 'torrent', 'murmura', 'plaid', 'tartine beurre cacahuète', 'pente devint raide', 'devint raide', 'chiot', 'tartine']
384	0.002196595277320154	['principale actionnaire', 'marks', 'penser dis', 'winterland', 'fourchette', 'baiser', 'actionnaire', 'sidérée', 'rescousse', 'éclata rire']
286	0.0021084829032915705	['nilssen', 'moustier', 'michèle', 'villojane', 'belfand', 'garron', 'gingivite', 'andré', 'cuzco', 'ambassade']
295	0.0021084829032915705	['smiley', 'comité', 'rawley', 'conseil', 'banachek', 'corporate', 'copropriété', 'sharts', 'bricoleur', 'diagrammes']
257	0.002051520563842713	['lainie', 'spalding', 'atchinson', 'lainie yeux', 'hilliker', 'mariage', 'mère', 'lainie regardait', 'glaciale', 'radley']
250	0.0019789832071039925	['candidats', 'équipe bleue', 'équipe', 'dargel', 'fiches', 'manganèse', 'garett', 'murgatroyd', 'tourna', 'tests']
385	0.0019220208676551346	['nuit pis', 'pluie battait vitres', 'porte entrée lorsqu', 'battait vitres', 'chargé senteurs', 'entrée lorsqu', 'pluie battait', 'postière', 'frisson glacé parcourut', 'glacé parcourut']
252	0.0018908708330754092	['robe', 'oklie', 'broche', 'oklie dodds', 'sulie', 'dodds', 'bazelle', 'fermoirs', 'pull', 'etait']
253	0.0018908708330754092	['baumann', 'shaughnessy', 'robilliard', 'bâte', 'inspecteur byram', 'présidente', 'rencontrer', 'byram', 'wexford', 'cares']
193	0.001818333476336689	['hansel', 'mongolo', 'brouet', 'castelard', 'valérie', 'brossier', 'gamin', 'javelin', 'hansel brouet', 'cécile']
372	0.0017769461541776938	['murdoch', 'garros', 'frédéric', 'muntz', 'citibank', 'flox', 'annonceurs', 'nicaud', 'oubliez compte', 'smithtown']
319	0.0017613711368878312	['voiture', 'vieille sheckley', 'sheckley', 'hôpital', 'brumath', 'moorcock', 'tryon', 'renée', 'voitures', 'cambridge']
406	0.0017044087974389733	['hennegan', 'yudel', 'dîner', 'touristes moyens', 'maxicorp', 'gomina', 'prit assiette', 'cuisine', 'bemie', 'œilleton']
381	0.0017044087974389733	['michaelson', 'jenkins', 'lefleur', 'nims', 'nims nims', 'affaires scientifiques', 'garrison', 'chef équipe', 'diplôme', 'services sociaux']
336	0.0016474464579901153	['biddell', 'poulton', 'chesterton', 'chênaie', 'mme poulton', 'rovnie', 'disputée père', 'détournant conversation', 'tipton', 'fit']
415	0.0016474464579901153	['furet', 'mère abandonnée', 'furet fronça', 'chaleur bouche', 'enfants ans', 'orchidée', 'chemise nuit', 'femme inspira profondément', 'femme', 'femme inspira']
322	0.0015749091012513948	['géorgie', 'théo', 'thornbike', 'mlle thornbike', 'danser', 'montagnes vertes', 'inviter', 'article', 'falls', 'euphémisme']
396	0.0015749091012513948	['windspear', 'hodge', 'hurricane bluff', 'hurricane', 'pourtant', 'chérie', 'déjà retard', 'extorquer', 'racheté', 'amandes']
373	0.0015593340839615323	['carthy', 'voyagiste', 'bébé', 'mme carthy', 'gaël', 'fatiguée', 'satin bleu', 'embrassais', 'manson', 'bébés']
339	0.0015593340839615323	['hot springs', 'snow', 'springs', 'magasin souvenirs', 'mme snow', 'hot', 'patronne', 'rochebrune', 'tulley', 'dennison']
118	0.001497034014802082	['skinner', 'demande', 'huncie', 'dis', 'veux', 'muirhead', 'pickering', 'anglaises', 'cloques', 'quelqu']
338	0.001486796727222812	['montreux', 'colleys', 'géronimo', 'voiture', 'androïde', 'montana', 'camion', 'route', 'mettre automatique', 'triss']
416	0.001429834387773954	['hervé', 'françoise', 'andigné', 'cadoudal', 'chouans', 'grisolles', 'hozier', 'rouen', 'royalistes', 'charrettes']
314	0.0014142593704840915	['abdiquai', 'cornouailles', 'père', 'mère', 'femme camarade', 'rivelli', 'embrassé femme', 'attachée cou', 'fitzhoward', 'iseut']
321	0.0013728720483250961	['kimble', 'tomne', 'jolis vêtements', 'séduisante', 'embrasser', 'songea', 'robe', 'aimait', 'vêtements', 'sensationnelle']
134	0.001351959301324641	['torrez', 'paquelin', 'lanquetot', 'steinhardt', 'mme aubertet', 'felden', 'commissaire', 'teal', 'quertier', 'voiture']
264	0.001341722013745371	['fantômes', 'fantôme', 'kalle', 'seyroles', 'airelles', 'cléo', 'léna', 'bérénice', 'vangeli', 'délia']
112	0.0011913095705573377	['père', 'rendall', 'sambro', 'enfants', 'certificat naissance', 'péché', 'classe', 'naissance', 'parents', 'mère']
93	0.0011654972656882049	['regarda', 'fit', 'campement', 'ciré', 'répondit', 'chandail', 'pistolet', 'demanda', 'fileni', 'poncho']
291	0.0011396849608190723	['baldridge', 'collège', 'pleurer fatigue', 'manqué chose', 'réunir affaires', '42 crew', 'crew', 'singerie', 'mère', '42']
379	0.0010827226213702143	['starling', 'gard', 'professeur dessin', 'artiste', 'exposition', 'rente versée', 'merveilleuse femmes', 'loupe', 'imperméable marron', 'mène']
238	0.0010515725867904892	['poupée', 'poupées', 'mauffat', 'greublis', 'libellule', 'jouets', 'alêne', 'titou', 'poupée poupée', 'gosses']
86	0.001015084822500172	['persval', 'clergyman', 'hellroy', 'thuriot', 'twern', 'parrish', 'garrec', 'devait', 'amis scientes', 'whit']
296	0.0009946102473416315	['survivants', 'manenkov', 'gaël', 'ludvîk', 'mme dawkins', 'jeanmaire', '575', 'recensée', 'ambition', 'sexomorphe']
182	0.0009634602127619064	['cio', 'mme albici', 'mlle siltanen', 'albici', 'allez', 'siltanen', 'caria', 'stepford', 'saw', 'etje']
194	0.0009064978733130484	['gazol', 'méry', 'porte wagon', 'profitendieu', 'quai', 'zoé', 'caloub', 'fredrika', 'phébé', 'consul']
353	0.000865110551154053	['quade', 'editions', 'editions cauldron', 'cauldron', 'boland', 'knudsen', 'docteur boland', 'snow', 'numéro', 'chantier']
259	0.0008495355338641905	['maestro', 'goussault', 'palachek', 'manenkov', 'goulade', 'hervé', 'trentin', 'mugnier', 'pâtissier', 'dancourt']
210	0.0008339605165743279	['fleurs', 'bohrt', 'fleuve noir', 'orchidée', 'pissenlit', 'cécile', 'portugais', 'mandahar', 'fouldroule', 'fleuve']
207	0.0008339605165743279	['leaper', 'vêtements', 'irv', 'leviticus leaper', 'leviticus', 'tenue', 'chemise', 'ganimard', 'canot', 'cravate']
206	0.0008339605165743279	['cheval', 'skiath', 'soso', 'jument', 'appelle cheval', 'manilo', 'baulino', 'chevaux', 'marcheret', 'demné']
145	0.0008028104819946026	['fédor', 'plani', 'objet', 'flocon', 'pettigrew', 'demander', 'poissons', 'mme wilkins', 'envie', 'œil moscou']
151	0.0008028104819946026	['babyphone', 'mère', 'matrix', 'laviolette', 'enfants', 'carista', 'ommach', 'bébé', 'tokyo', 'lucides']
349	0.0007925731944153325	['harker', 'tête tourne', 'corson', 'jour cessa', 'chantage', 'cécile', 'niss', 'cury', 'steiner', 'gonflé']
318	0.0007200358376766122	['xemahoa', 'piggies', 'docteur burmeister', 'burmeister', 'lidla', 'poupée', 'séjour', 'overdose', 'mal commencer', 'fibre maternelle']
269	0.0007200358376766122	['joëlle', 'régis', 'magnani', 'monter barque', 'moxo', 'raybaud', 'cantor', 'veux', 'combat zone', 'demandé pouvais']
423	0.0006630734982277543	['maigret', 'saltram', 'saltram lodge', 'fenn', 'lodge', 'burden', 'lapointe', 'incendiaire', 'demande écoute', 'entrée musée']
422	0.0006630734982277543	['profitendieu', 'massé', 'molinier', 'tombait malade', 'joëlle', 'billots', 'mme cochart', 'cochart', 'hulotte', 'suggère']
278	0.0005749611241991713	['lauzerte', 'hélix', 'irène', 'mé', 'geneviève', 'azaïs', 'pirouettes', 'rené', 'pérouse', 'essex street']
155	0.0005282360723295836	['ewell', 'gribben', 'ryker', 'sirany', 'groberg', 'vialles', 'mme groberg', 'greenford', 'framley', 'brandshaft']
100	0.0005282360723295836	['howe', 'aveyard', 'constable', 'poulain', 'foote', 'colliers', 'assistant shérif', 'superintendent', 'knep', 'régisseur']
366	0.0005179987847503133	['mont vénus', 'vénus', 'palais glaces', 'orwell', 'sérigny', 'pressa touche', 'mont', 'hais héroïne', 'trappe verrouillée', 'bout bout bout']
367	0.0005179987847503133	['modèles', 'retoucheuse', 'moyen toucher', 'oddie', 'lariboisière', 'japonais', 'keraij', 'tivali', '30', 'jérémiah']
258	0.0005024237674604509	['sandwich', 'verdhuren', 'michèle', 'raybaud', 'wexford', 'crapule', 'mantoff', 'laviolette', 'ennemie numéro', 'novacek']
256	0.0005024237674604509	['burrow', 'comité', 'brandshaft', 'bradwell', 'stochastique', 'avocat', 'faculté', 'abolitionnistes', 'procès', 'whitson']
341	0.00046103644530145544	['spinelli', 'mellors', 'trésor', 'führer', 'contemple', 'spinelli regarde', 'conseil administration', 'lève mains', 'reprend', 'vieilles connaissances']
346	0.00044546142801159293	['garnel', 'pradon', 'lle deroze', 'tache', 'moniteurs', 'deroze', 'profitendieu', 'proposition', 'lle', 'piove']
179	0.0004143113934318679	['séréna', 'saylor', 'oncle', 'gramps', 'atwood', 'townsend', 'frère suppôt', 'programmeur', 'hobart', 'suppôt']
202	0.0004143113934318679	['tuée', 'carnets', 'crowley', 'violences', 'femme réelle', 'bigger', 'merde merde', 'assassinat', 'halsey', 'meurtre']
329	0.00037292407127287243	['datsun', '1995', 'pain maïs', 'marocain', 'docteur stahlmann', 'stahlmann', 'permissif', 'nebbi', 'table couche', 'couche']
305	0.00037292407127287243	['bégard', 'bonnot', 'rivet', 'gerfaut', 'fameux chèque', 'rupture gabrièle', 'trécesson', 'gabrièle', 'directeur production', 'association malfaiteurs']
245	0.00035734905398301	['totor', 'costermann', 'raphaële', 'herth', 'benitez', 'club', 'chinois', 'henekeys', 'tables', '252']
287	0.00030038671453415204	['phœnix', 'geeking', 'calder', 'éditions phœnix', 'laouedj', 'tests', 'entrepreneurs', 'secrétaire présidente', 'directeur adjoint', 'éditions']
293	0.00030038671453415204	['léonard', 'cass', 'beyle', 'voiture', 'lilienborn', 'yamanote', 'colle', 'chambers', 'chef chef', 'xiv']
159	0.00025366166266456436	['englemont', 'gisèle', 'table orientation', 'chambre', 'garage face', 'avenue', 'kirschner', 'cartaud', 'baden', 'valise']
376	0.0002434243750852941	['mongougeot', 'maîtresse titre', 'edmée', 'amédée', 'césar', 'pompadour', 'éditions soir', 'céramiste', 'archiduc', 'ancien']
382	0.0002434243750852941	['abbé', 'bernerie', 'payable', 'pompadour', 'ventôse', 'daraïn', 'maurras', 'glazer', 'dépêche', '000']
398	0.0002434243750852941	['cready', 'alley', 'skinner', 'nabab', 'tigre', 'mcgowan', 'braunen corp', 'braunen', 'œuvres charité', 'corp']
263	0.00022784935779543165	['piscine', 'geddes', 'beach', 'eau', 'eivor', 'edmonds', 'sosso', 'ruiner santé', 'göran', 'fantin']
200	0.0001397369837668487	['pilon', 'scellés', 'labatti', 'banque', 'quimby', 'mourier', 'banques', 'slater', 'percepteur', 'chèque']
119	9.834966160785321e-05	['sugar', 'mattone', 'rizzio', 'pepper', 'froggy', 'mastragos', 'rizzio mattone', 'regarde', 'renner', 'winchester']
67	8.767420218666871e-05	['cheval', 'chevaux', 'djinnih', 'galop', 'cavalière', 'sabots', 'bagrin', 'cible', 'selle', 'banshee']
408	4.138732215899538e-05	['mugnier', 'siboni', 'amérique', 'loin amérique', 'léoni porte', 'fouille dossier', 'amérique loin', 'socialos', 'picabia', 'pieds trottoir']
312	2.5812304869132817e-05	['pecola', 'standish', 'creevy', 'genoa', 'bébés', 'finch', 'trappe descendit', 'endroit habiter', 'mercière', 'orlo']
244	1.0237287579270256e-05	['thackeray', 'strychnine', 'boulettes', 'glacière', 'bardot', 'cru allait frapper', 'parenthèse', 'chasse eau', 'lavigie', 'cadeau']
243	1.0237287579270256e-05	['broehm', 'innid', 'copeau', 'raphaële', 'innid brennen', 'brennen', 'viard', 'multimate', 'système noétique', 'feintes']
226	1.0237287579270256e-05	['bruder', 'pensionnat', 'agrippale', 'enfance', 'cécile bruder', 'goulade', 'métro', 'rue', 'vieille', 'poules oies']
161	-2.0912747000454866e-05	['bateau', 'gee', 'twain', 'eau', 'shrimp', 'cabine', 'barque', 'quai', 'périclès', 'prisko']
402	-3.115003457972512e-05	['brubaker', 'michèle', 'dors', 'raser jambes', 'descends', 'heineken', 'daumier', 'air coup', 'raser', 'godillots']
425	-3.115003457972512e-05	['ruthery', 'abassa', 'grivel', 'cadavres', 'roches brûlantes', 'camp ennemi', 'joiry', 'cratères', 'noémi', 'turcs']
403	-3.115003457972512e-05	['soldat', 'stéphan', 'armée', 'step', 'insigne', 'lieutenant', 'voir note', 'flamme réchaud', 'tire bouffée', 'démissionnez']
417	-3.115003457972512e-05	['seigneur gueux', 'gueux', 'isambour', 'vavasseur', 'seigneur gueux antimus', 'gueux antimus', 'antimus', 'seigneur', 'ministre duroy', 'djent']
409	-3.115003457972512e-05	['swwfw', 'gratinée', 'décati', 'rémy', 'valleroy', 'aimline', 'keîsey', 'klyd', 'médiateur', 'oligarche']
414	-3.115003457972512e-05	['valleroy', 'zeor', 'médiateur', 'klyd', 'denrau', 'donneur', 'léopoldine', 'latéraux', 'gallaugher', 'kriebel']
297	-4.6725051869587575e-05	['gauchet', 'sern', 'dangeolet', 'bureau', 'provincial', 'bauchet', 'sernine', 'souffries', 'documents', 'sern gauchet']
290	-4.6725051869587575e-05	['eléna', 'estafette', 'delman', 'âge', 'apercevras', 'mélina', 'manosque', 'oncle écrit', 'drôlement raison', 'machinos']
277	-0.00011926240860830808	['émilie', 'photo', 'photos', 'skinner', 'oncle', 'plankaert', 'bayview', 'quince quince', 'pain epice', 'epice']
280	-0.00011926240860830808	['cow', 'fayolle', 'vache', 'porc', 'cuirassier', 'pacotte', 'isel', 'moss', 'gogleth', 'dis']
332	-0.00017622474805716601	['pélagie', 'abassa', '11 heures', 'sourate', 'baltimore', 'bishop', 'baltimore baltimore', '11', 'inspecteur académie', 'joué joué']
364	-0.00017622474805716601	['beegan', 'vidame', 'showbiz', 'chauffard', 'hissune', 'tué beegan', 'bullourde', 'impasse bullourde', 'poèmes', 'deeds']
362	-0.00017622474805716601	['cordobân', 'sandwich jambon', 'lingard', 'gérald', 'shérif', 'gotobed', 'jambon', 'mercredi 27', 'vois mensonge', 'gedge']
357	-0.00017622474805716601	['cassiân', 'yrvène', 'sélèn', 'még', 'édouard', 'loumka', 'burr', 'écailles', 'suttondale', 'argyre']
356	-0.00017622474805716601	['daily', 'welby', 'monkey', 'justiciers', 'daily mégaphone', 'mégaphone', 'thory', 'presse', 'conditionnel', 'journalistes']
375	-0.00017622474805716601	['créativité', 'contrariété', 'vorst', 'dessin', 'hot dogs', 'dogs', 'peintre', 'faux soldats', 'ravot', 'regain']
122	-0.00018156247776775843	['jambon', 'angèle', 'pain', 'raphaël', 'légumes', 'affaire rèche', 'buizeness', 'steack poivre', 'mimizan', 'frites']
205	-0.00020737478263689103	['daïren', 'noé', 'hulann', 'froid', 'ladier', 'skis', 'zeltran', 'lohiro', 'lanières cuir', 'naoli']
213	-0.00020737478263689103	['arbres pères', 'disent', 'arbres', 'lumière', 'loin mers', 'pères', 'sable', 'tajo', 'branches', 'arbre']
348	-0.0002487621047958864	['quince', 'téléphone', 'pengo', 'eggers', 'dr', 'dr téléphoné', 'téléphones publics', 'prévenons', 'zander', 'affaire pohl']
355	-0.0002487621047958864	['cantor', 'adichka', 'divisionnaire', 'divisionnaire coudrier', 'bénédicte', 'musique', 'coudrier', 'crapauds', 'colique', 'cornets']
320	-0.0002487621047958864	['courcy', 'numéro', 'numéro numéro', 'haymann', 'os', 'jaguar', 'voies', 'drancy', 'fabricants', 'parallèle gauche']
317	-0.0002487621047958864	['fintan', 'meroë', 'cready', 'maillot', 'haie', 'gâteux', 'fossette', 'fleuve', 'maillot mort', 'dents']
311	-0.0002487621047958864	['bovey', 'relivaux', 'mme graver', 'policier', 'ennuis', 'carte venait', 'police', 'graver', 'chiens', 'service ordre']
201	-0.00027991213937561153	['harkness', 'kif', 'jarid', 'kokody', 'jath', 'darzir', '404', 'furst', 'cluster', 'diaspad']
412	-0.00030572444424474435	['frédi', 'cortexine', 'frédi frédi', 'directives', 'tzu', 'cellules', 'descolada', 'balles réelles', 'enlèverons', 'normaliser']
374	-0.00030572444424474435	['hofa', '42', 'jokari', 'trafic', 'ultimate', 'virus gluant', 'redlynch', 'counter', 'mutant counter', 'spectre']
401	-0.00030572444424474435	['feldman', 'ans signifiait', 'papier absorbant', 'faut constituer', 'capitaine port', 'répond', 'constituer dossier', 'bonblanc', 'régnerait', 'petits jeunes']
426	-0.00030572444424474435	['finch', 'caravane', 'inspecteur', 'pont', 'bingham', 'macey', 'demanda finch', 'raccompagner', 'finch yeux', 'finch fit']
323	-0.0003212994615346068	['horner', 'brigadier', 'bureau', 'coffre', 'taël', 'grégoire', 'ronsac', 'newcastle', 'lumière suppose', 'commissaire jessling']
273	-0.0003212994615346068	['édouard', 'cédric', 'arche', 'crainte mêlée', 'maison autriche', 'noé', 'consigne', 'sorte crainte', 'mordécaï', 'autriche']
326	-0.0003212994615346068	['avion', 'pilote', 'orloff', 'selmer', 'singapour', 'nielsen', 'appareil', 'whitewell', 'dearborne', 'piste']
165	-0.00033687447882446947	['éthel', 'sarramanga', 'strondberg', 'vargas', 'motxoteguy', 'krug', 'moxo', 'vitti', 'remercieras', 'delassane']
146	-0.0003680245134041944	['film', 'pubs', 'weller', 'cinéma', 'producteur', 'cinématographique', 'chameau', 'tournage', 'publicité', 'bailor']
405	-0.00037826180098346474	['wexford', 'ceresola', 'burden', 'rushworth', 'nollet', 'blindé', 'copeau', 'dover', 'rails', 'street']
413	-0.00037826180098346474	['glair', 'toledo', 'tileman', 'hemming', 'dr tileman', 'michèle', 'lapointe', 'michèle veux', 'vieilles dames', 'frères mémoire']
400	-0.00037826180098346474	['cilima', 'ribeauvillé', 'garçon', 'langlais', 'décrochage', 'skinner', 'sammel', 'normaliens', 'perlouze', 'effaçoir']
300	-0.00037826180098346474	['red', 'noirs', 'blancs', 'viêt', 'ballard', 'noir', 'broederbond', 'blancs noirs', 'délégué', 'apartheid']
123	-0.00038359953069405693	['pistolet', 'revolver', 'skinner', 'balle', 'carpenter', 'balles', 'calendar', 'baule', '45', 'bronski']
298	-0.0003938368182733273	['monkey', 'singe', 'godall', 'ziggy', 'dr zujaran', 'zujaran', 'singes', 'scuffles', 'casaubon', 'aw']
275	-0.0003938368182733273	['veau petits', 'veau petits pois', 'kirsch', 'procacci', 'café', 'arrachais', 'mme procacci', 'tss', 'retire doucement', 'flacon kirsch']
230	-0.0003938368182733273	['dragon', 'dragons', 'monseigneur', 'moonbird', 'bouffon', 'malibor', 'zalzan kavol', 'zalzan', 'kavol', 'chèvre']
73	-0.00043032458256364505	['baroda', 'jath', 'jath baroda', 'moscou', 'chryse', 'vodka', 'tabasco', 'comlink', 'hallingkar', 'adichka']
340	-0.0004352241404323226	['piggot', 'betts', 'broadwaters', 'alderton', 'manson', 'kenway', 'piggot betts', 'cambriolage', 'mort betts', 'betts piggot']
390	-0.00045079915772218524	['posador', 'arquebuse', 'bejardy', 'baisée', 'appelait geneviève', 'habité quartier', 'quartier', 'dû retenir', 'geneviève', 'couture']
378	-0.00045079915772218524	['glair', 'sélèn', 'jakt', 'bouc air', 'hern', 'nacelle', 'bête', 'efforts montrer', 'drone', 'cou bête']
397	-0.00045079915772218524	['firestone', 'grotte', 'persval', 'flambeau', 'caverne', 'flics', 'harker', 'corniche', 'djunguzz', 'achron']
316	-0.00045079915772218524	['korwal', 'skiath', 'rassemblement', 'grid', 'khô', 'mælbach', 'demné', 'substance', 'böhninger', 'sleg']
387	-0.00045079915772218524	['léoni', 'tardiveau', 'aubertet', 'mugnier', 'boucheseiche', 'gourel', 'rageblanc', 'cuttoli', 'crémière', 'fajon']
313	-0.00045079915772218524	['vauquer', 'clément', 'sécateur', 'bufo', 'cimetière montparnasse', 'aimais gosse', 'kaputhala', 'ponceuse', 'cimetière', 'lherbier']
394	-0.00045079915772218524	['brunebroucke', 'renée', 'helvin', 'loussa', 'chanson', 'babylone', 'demanda case', 'case', 'brenàn', 'cube']
272	-0.0004663741750120477	['flocon', 'désincorporation', 'hawthorne', 'vieille', 'pension', 'conteur', 'rachat', 'adébenn', 'penn adébenn', 'dégoût yeux']
268	-0.0004663741750120477	['viaduc', 'valjean', 'gare', 'périphérique', 'quartier', 'gerfaut', 'rue', 'sarazat', 'circulation', 'jov']
168	-0.0004663741750120477	['weller', 'franker', 'steinhardt', 'formation', 'transformationalisme', 'dollars', 'institut', 'moniteurs', 'bailor', 'séances']
276	-0.0004663741750120477	['police', 'jurgensen', 'combat', 'creyenna', 'colombaud', 'flic', 'timovie', 'lvt', 'illégale', 'brandshaft']
260	-0.0004663741750120477	['achron', 'argyropoulos', 'chauve', 'corson', 'assommait', 'foran', 'zôl', 'errull', 'zôls', 'guerres']
251	-0.0004663741750120477	['sandorf', 'bélonie', 'tentes', 'temudjin', 'vaches', 'stéphane', 'rhada', 'chevaux', 'forêt', 'blancheur']
174	-0.0004975242095917728	['avion', 'aéroport', 'passeport', 'danois', 'sern', 'chacal', 'hôtesse', 'valise', 'kowalski', 'signor']
177	-0.0004975242095917728	['choulon', 'hülle', 'méry', 'voix', 'mulé', 'grosse bête', 'brockmeier', 'briancourt', 'parut', 'sûr']
380	-0.0005077614971710431	['corson', 'hipprone', 'aergistal', 'monstre', 'ngal nda', 'ngal', 'nda', 'planète mausolée', 'prone', 'collier']
369	-0.0005233365144609056	['branhaelle', 'muldoon', 'twern', 'djorb', 'monseigneur', 'horcs', 'irlandais', 'elidath', 'tunigorn', 'talhael']
354	-0.0005233365144609056	['bocager', 'sel', 'garçons', 'noms garçons', 'dépôt armes', 'copeau', 'ombres', 'faut attaquer', 'oiseaux', 'briancourt']
175	-0.0005233365144609056	['kryn', 'orionis', 'universelia', 'phénix', 'pensants', 'oiseau', 'gahn', 'evguenir', 'joyau', 'tivali']
126	-0.0005286742441714979	['zorro nap', 'zorro', 'nap', 'calacan', 'tyran', 'faucon', 'sammel', 'torrez', 'syncope', 'réparaz']
261	-0.0005389115317507682	['fortineau', 'romanov', 'méry', 'chanfond', 'brochette', 'stéphanie', 'keraij', 'rené', 'rodes', 'chanfond voix']
262	-0.0005389115317507682	['leguennec', 'vandoosler', 'beautés', 'jov', 'enfer', 'créateur', 'sexe', 'hervé', 'tripatouiller', 'bretelle fusil']
34	-0.0005446874333032746	['avocat', 'procès', 'jurés', 'tribunal', 'président', 'magistrat', 'affaire', 'audience', 'step', 'témoin']
212	-0.0005544865490406308	['français', 'langue', 'latin', 'participe', 'chanteloup', 'graffigny', 'grec', 'gabrièle', 'verbes', 'moros']
144	-0.0005700615663304933	['beecher', 'heap', 'sukie', 'tabora', 'dogtinder', 'garnel', 'filby', 'yor', 'tribling', 'aérol']
399	-0.0005802988539097636	['beckett', 'stoner', 'beckett senior', 'senior', 'haymann', 'hamway', 'baroody', 'corporate', 'histoire beckett', 'lherbier']
370	-0.0005802988539097636	['caria', 'voix caria', 'âme midinette', 'chérie', 'venatici', 'caria voix', 'véritable assassin', 'automaster central', 'détournées', 'parfaitement courant']
363	-0.0005802988539097636	['félix', 'borg', 'gabey', 'ducreux', 'gérou', 'mutants', 'scientifiques', 'collègues', 'génétique', 'touche noire']
333	-0.0005802988539097636	['keraij', 'yor', 'keraïni', 'kerai', 'sehin', 'uruan', 'féhimi', 'kaerdug', 'mâles', 'sélection']
421	-0.0005802988539097636	['terrain', 'manganèse', 'bluff', 'hood', 'diable terrain', 'question terrain', 'camionnette', 'sluefoot', 'porte parapluies', 'tut tut']
246	-0.0005802988539097636	['andré', 'poupi', 'andré regardait', 'naples', 'demanda andré', 'leçon tir', 'gosses', 'couillon', 'demanda', 'andré demanda']
345	-0.0005802988539097636	['amazones', 'jerana', 'amazones libres', 'jalak', 'lorill', 'femmes', 'cousine', 'libres', 'chaînes', 'comyn']
209	-0.000595873871199626	['clones', 'frères', 'garçons', 'persona', 'rivière', 'minoterie', 'regarda', 'vallée', 'groupe', 'acquiesça']
350	-0.000595873871199626	['goudes', 'fonfrin', 'strasbourg', 'lanyon', 'escobille', 'damm', 'ombre image', 'têtes moineau', 'marché noir', 'lherbier']
192	-0.000595873871199626	['whittaker', 'climpson', 'findlater', 'murbles', 'budge', 'wimsey', 'cropper', 'tante', 'crow beach', 'crow']
344	-0.000595873871199626	['fêlure', 'coup foudre', 'gimlet', 'foudre', 'larbins', 'décidé coopérer', 'grandes mains chaudes', 'cheville', 'nabote', 'lupin']
249	-0.0006114488884894887	['roches', 'broken', 'rivière', 'construction', 'minéraux', 'bâtiments', 'jent', 'vaisseau stellaire', 'granité', 'edmée']
282	-0.000652836210648484	['masters', 'broehm', 'mittend', 'masters père', 'malevic', 'utgers', 'ints', 'glencairn', 'obdan', 'masters trouve']
240	-0.000652836210648484	['delahaye', 'martinov', 'hélène', 'gourdel', 'galerie', 'réparaz', 'rue amsterdam', 'dépôts consignations', 'consignations', 'caisse dépôts consignations']
343	-0.000652836210648484	['tileman', 'bitchy', 'courcy', 'médée', 'dr tileman', 'voulez', 'demanda bitchy', 'répondit bitchy', 'angleterre', 'air terrorisé']
180	-0.000652836210648484	['camier', 'parapluie', 'camier veux', 'camier camier', 'hélène', 'loin camier', 'omni', 'conaire', 'camier faut', 'agent']
418	-0.000652836210648484	['turcotte', 'lescadre', 'commodités', 'sernine', 'skiath', 'sieur eugène', 'fraya chemin', 'inspecteur suivit', 'reprit bernold', 'port']
411	-0.000652836210648484	['shaquille', 'poisons', 'phébé', 'aggloméréville', 'soupe', 'anédrine', 'laney', 'bix', 'prescrivent', 'bix phébé']
138	-0.0006581739403590762	['élèves', 'dodd', 'moss', 'néfar', 'andouillette', 'surveillante', 'classe', 'lacayo', 'école', 'danaëlle']
309	-0.0006684112279383465	['patillot', 'bylol', 'haas', 'brevets', 'tidal', 'laney', 'nymphettes', 'western', 'corporation', 'tarte citron']
331	-0.0006684112279383465	['jago', 'thackeray', 'cribb', 'orlo', 'suchman', 'radstock', 'chanfond', 'remettent', 'commanditaire', 'cabriolet']
248	-0.0006684112279383465	['tokyo', 'nagisa', 'vois yeux', 'burano', 'cantrell', 'jungle', 'aimaina', 'kimura', 'japonais', 'yasujiro']
289	-0.0006684112279383465	['vorst', 'souvenirs', 'déconditionnement méditatif', 'déconditionnement', 'méditatif', 'film', 'mésange', 'veux composer', 'closter', 'rencontrée semaine']
106	-0.0006995612625180715	['riant', 'chandail', 'retourna', 'fit', 'ciseaux', 'sourit', 'souffla', 'ramassa', 'embrassa', 'rire']
88	-0.0007048989922286641	['guitare', 'musique', 'madé', 'piano', 'danse', 'jarisme', 'musiciens', 'orchestre', 'salieri', 'watch']
404	-0.0007253735673872045	['bradmer', 'sable', 'plage', 'aventurent', 'vagues', 'capitaine bradmer', 'barils', 'nuits', 'habits', 'coprah']
279	-0.0007253735673872045	['gardella', 'scandura', 'thurston', 'roselli', 'lança', 'lança gardella', 'taire fit', 'gardella faut', 'regard gardella', 'regard']
407	-0.0007253735673872045	['keif', 'disquette', 'norsworthy', 'rire', 'bigeard', 'monkey', 'végète', 'aimline', 'foule retourne', 'weller']
410	-0.0007253735673872045	['comète', 'brionne', 'quéré', 'seigneur', 'charge écuyer', 'comète comète', 'délassement', 'khym', 'compagnonnage', 'isambour']
365	-0.0007253735673872045	['vados', 'guerrero', 'mendoza', 'cortès', 'mise demeure', 'murieta', 'tiempo', 'hakluyt', 'arrio', 'sra']
395	-0.0007253735673872045	['peintre', 'boîte', 'atelier', 'mère', 'boîte neuve', 'hirondelle', 'dessiner', 'devais', 'peindre', 'sentais']
360	-0.0007253735673872045	['harker', 'bleu limpide', 'patchett', 'limpide', 'mendiant', 'sutter', 'step', 'harker voix', 'aigle', 'galactique']
359	-0.0007253735673872045	['fintan', 'maou', 'fleuve', 'onitsha', 'omerun', 'marima', 'maou fintan', 'pikni', 'rodes', 'pont']
419	-0.0007253735673872045	['boaras', 'meymuna', 'rêve', 'abassa', 'enveloppée manteau noir', 'calife', 'taël regardèrent', 'rouler rouler', 'rêve rêve', 'hommes patrouille']
420	-0.0007253735673872045	['sodomite', 'swede', 'demandions', 'directeur adjoint', 'intolérance', 'demain demain', 'adjoint banque county', 'directeur adjoint banque', 'adjoint banque', 'banque county']
424	-0.0007253735673872045	['saucisse', 'bricoleur', 'mulé', 'faucon glace', 'duralumin', 'chaussons course', 'fit mulé', 'nuage', 'troupeau', 'bronco']
190	-0.0007253735673872045	['jé', 'humirs', 'mox', '410', 'humoks', 'humir', 'gerkanol', 'organe', '1000', 'cos']
271	-0.0007253735673872045	['kalle', 'göran', 'saucisson', 'léna', 'plan kalle', 'trésor', 'göran vestberg', 'vestberg', 'mellors', 'supposons']
241	-0.0007253735673872045	['olbram', 'peterborough', 'toilettes', 'lecture', 'offre ténèbres', 'futur', 'présent', 'cœur', 'laraire', 'ténèbres']
386	-0.0007253735673872045	['simulatron', 'amnésie', 'pohl', 'rêves', 'soucieux', 'armitage', 'mémoire', 'recherches', 'arrivée hier', 'souvenirs']
204	-0.0007409485846770669	['42', 'trafic', 'vicars', 'buick', 'led', 'pirate', 'led zeppelin', 'zeppelin', '42 crew', 'crew']
303	-0.0007409485846770669	['lupin', 'lanyon', 'sarazat', 'lampe', 'chef informations', 'électricien', 'lightyears', 'téléviseurs', 'sébastien', 'mauser']
302	-0.0007409485846770669	['alcool', 'nécrozones', 'eichbrunn', 'sébastien', 'jeb', 'commandant', 'faisait éloge', '8e escadrille', 'rajouter', 'adénosyne']
301	-0.0007409485846770669	['émile', 'viard', 'tozzi', 'tchad', 'rouvre', 'stratton', 'missouri', 'mme rouvre', 'liverion', 'restez responsable']
299	-0.0007409485846770669	['gueule poisson pané', 'poisson pané', 'gueule poisson', 'pané', 'fermeture éclair', 'couille molle', 'couille', 'flingue', 'spaulding', 'moinillon']
140	-0.0007565236019669295	['sss', 'nodles', 'système solaire', 'solaire', 'mec', 'ver sable', 'système', 'ver', 'sphère bureau', 'incultes']
236	-0.0007565236019669295	['huile', 'panne', 'bricoleur', 'pouvez ignorer', 'étrave', 'panne externe', 'moteur', 'station', 'eboe', 'pression']
184	-0.000772098619256792	['revue', 'polska', 'auteur', 'chauve', 'kürz', 'nourissier', 'varsovie', 'amis', 'envierges', 'rue envierges']
139	-0.0007876736365466546	['ordinateur', 'écran', 'graceland', 'cassette', 'créature', 'sammel', 'machines', 'grandis', 'furst', 'ordinateurs']
393	-0.0007979109241259249	['ravot', 'fourrures', 'atelier', 'gués', 'coqs', 'doutes doutes', 'badineau', 'atelier ravot', 'trash', 'aubel']
391	-0.0007979109241259249	['crumbs', 'bross', 'signore gambini', 'gambini', 'chocolaté', 'puppy', 'signore', 'chocolaté mulligan', 'décorateur', 'mulligan']
235	-0.0007979109241259249	['anelo', 'boule', 'santardi', 'maxmo', 'boule anelo', 'coffre', 'fit boule', 'côté anelo', 'bière', 'musicos']
383	-0.0007979109241259249	['mourier', 'beckett', 'hamway', 'lauderdale', 'lenormand', 'flics lauderdale', 'tueur dépeceur', 'wexford', 'dépeceur', 'puissance infinie']
228	-0.0007979109241259249	['jedith', 'ottiz', 'farkie', 'jov', 'addim', 'médaillon', 'jedith jedith', 'dup', 'alféo', 'lière']
361	-0.0007979109241259249	['diaspad', 'ratz', 'bugul', 'lherbier', 'gaohn', 'pistolet', 'verrière', 'gage ratz', 'questions poser questions', 'scrutateur']
124	-0.0007979109241259249	['byram', 'accident', 'police', 'suicide', 'suicidée', 'affee', 'whitcomb', 'enquête', 'conduisait', 'amersham']
388	-0.0007979109241259249	['picasso', 'doigts gourds', 'pluie', 'réfectoire', 'gourds', 'maîtresse époque', 'soucis soucis', 'chaussures propres', 'tores', 'vent tourné']
304	-0.0007979109241259249	['oc', 'zwickau', 'quim', 'fileclerk', 'schlomo', 'sotte', 'xvi siècle', 'connotation', 'péjoratif', 'saillir']
307	-0.0007979109241259249	['jarid', 'kingkrab', 'yasimin', 'wadaïmo', 'isalko', 'netan isalko', 'netan', 'semeru', 'esquif', 'jarreau']
377	-0.0007979109241259249	['nexus', 'nicodème', 'hulann', 'shakespeare', 'harker', 'danybot', 'intelligence', 'bemie', 'doter', 'terrien']
267	-0.0007979109241259249	['cromwell', 'homett', 'hornett', 'gouverneur', 'sucre orge', 'androbots', 'farfalou', 'photoïde', 'orge', 'momie']
173	-0.0008134859414157874	['lefleur', 'nims', 'pepperdine', 'black elk', 'elk', 'lindstrom', 'hamlin', 'boggins', 'lampe', 'incendie']
147	-0.0008134859414157874	['knudsen', 'quade', 'thayer', 'boland', 'silverdale', 'patients', 'chantier naval', 'naval', 'psychologue', 'demanda']
222	-0.00082906095870565	['swigert', 'pilote', 'zawech', 'haise', 'selmer', 'module', 'module commande', 'szellam', 'szellam ghur', 'ghur']
217	-0.00082906095870565	['taplin', 'veysey', 'meurtre', 'siméonidis', 'assassin', 'prétendument', 'raphaël', 'coupable', 'docteur stratton', 'adèle']
292	-0.0008704482808646452	['verlac', 'mugnier', 'avocat général', 'léoni', 'jurés', 'wotan', 'exbrayat', 'paolucci', 'avocat', 'zôl']
371	-0.0008704482808646452	['murieta', 'beyle', 'soûlas', 'cabinet affaires', 'kgb', 'sigueiras', 'carenheim', 'abbé', 'kgb envoyé', 'yeishi']
266	-0.0008704482808646452	['daym', 'aimline', 'seel', 'histrion', 'confed', 'parthène', 'ezaelle', 'ssecem', 'aimlin', 'ramane']
352	-0.0008704482808646452	['alginate', 'pâte', 'goossens', 'chef laboratoire', 'outil', 'rats', 'catalyseur', 'marteau', 'modèle', 'flexibles']
368	-0.0008704482808646452	['carfax', 'appareil', 'babcock', '42', 'sélecteur', 'modules', 'eyniqi', 'jeton', 'scalvinn', 'armoires']
247	-0.0008860232981545079	['jirel', 'talhael', 'lumière', 'jent', 'noiroir', 'splendeur', 'nuit', 'évariste', 'étoiles', 'tonnerre']
254	-0.0008860232981545079	['cholly', 'breedlove', 'mutin mutant', 'bidule', 'dis', 'connaissons', 'mort lente', 'frédéric', 'luge', 'mutin']
214	-0.0009015983154443705	['okawho', 'rédemption', 'edius', 'arbres', 'mont', 'vent', 'temen', 'incidentes', 'guettes agiles', 'guettes']
136	-0.0009327483500240954	['carnivore', 'nicodème', 'shakespeare', 'viande', 'bête', 'azna', 'tunnel', 'étang', 'serpent mâle', 'limaces']
328	-0.0009429856376033657	['hastur', 'montray', 'terriens', 'hartani', 'comyn', 'tenebrosa', 'langue', 'langage', 'beckers', 'thendara']
325	-0.0009429856376033657	['édit', 'huguenots', 'ronsard', 'médicis', 'royaume', 'françois', 'charry', 'réformés', 'châtel', 'cour']
351	-0.0009429856376033657	['kernik', 'œuf bleu', 'villageois', 'hipprone', 'bufo', 'œuf', 'corson', 'âalkâ kâa', 'kâ âalkâ', 'âalkâ']
347	-0.0009429856376033657	['eristan', 'pfui', 'sociétés', 'silverson', 'développement', 'santarém', 'milliards', 'sciavoni', 'civilisation', 'usines']
315	-0.0009429856376033657	['quade', 'jumeaux', 'frère sœur', 'thayer', 'frère', 'gémellité', 'sœur', 'quade père', 'enquêtes génétiques', 'rouquines']
337	-0.0009429856376033657	['bledd', 'chapeau', 'candidat', 'moïse', 'serpendeau', 'curedent', 'josephson', 'clown', 'tübingen', 'plankaert']
342	-0.0009429856376033657	['fouldroule', 'portières', 'usine', 'caisses', 'pincée poussière', 'pris ligne', 'régulier gouttes', 'soudure', 'casque', 'grises']
334	-0.0009429856376033657	['transformationalisme', 'weller', 'steinhardt', 'pissaro', 'adhérents', 'scénario', 'longs métrages', 'mouvement', 'transformation', 'métrages']
310	-0.0009429856376033657	['évelyne', 'pistodard', 'labrador', '88', 'transmat labrador', 'mis défi', 'transmat', 'krug', 'ordinateur', 'jours']
288	-0.0009429856376033657	['bernstein', 'ondes cérébrales', 'cérébrales', 'weller', 'steinhardt', 'ondes', 'zeltveg', 'lecteur ondes cérébrales', 'lecteur ondes', 'fléau']
285	-0.0009429856376033657	['ruche', 'ruches', 'majats', 'kethiuy', 'guerriers', 'raen', 'bohrt', 'kontrin', 'ouvrier', 'faux bourdons']
281	-0.0009429856376033657	['phallocrates', 'timbres', 'jérémie', 'annonces', 'ans', 'abstenir', 'cave', 'timbres poste', 'maturité', 'bretonne']
233	-0.0009429856376033657	['orlo', 'lilgin', 'jodell', 'megara', 'savants', 'dictateur', 'ishkrin', 'cité communications', 'higenroth', 'bylol']
225	-0.0009585606548932282	['boccherini', 'schumann', 'musique', 'opéra', 'orengo', 'malibran', 'théâtre', 'clown', 'bannister', 'géricault']
166	-0.0009897106894729533	['butron', 'kœlman', 'quipuzcoa', 'ventrée', 'père', 'lycée', 'brossier', 'comptable', 'quille', 'commissaire boulle']
141	-0.001005285706762816	['centenier', 'tombaugh', 'épée', 'avancement', 'attendais', 'forestier', 'béatrix', 'mort sépare', 'hegel', 'grayswandir']
324	-0.0010155229943420861	['carrier', 'selmer', 'tomek', 'os seiche', 'fender', 'seiche', 'jonis', 'orchestre', 'weller', 'rossinante']
172	-0.0010155229943420861	['boamiens', 'boamien', 'ghéridanisol', 'lovdale', 'domologiste', 'maître witz', 'witz', 'possédés', 'monser', 'déase']
330	-0.0010155229943420861	['blues', 'musique', 'alladale', 'clarinette', 'jouait', 'haguenier', 'chanson', 'sex pistols', 'pistols', 'trompette']
327	-0.0010155229943420861	['massom', 'ulm', 'ferrières', 'glucken', 'costermann', 'higenroth', 'révérend dinsmore', 'jov', 'chabrand', 'obscurantisme']
163	-0.0010155229943420861	['manson', 'piggot', 'betts', 'babcock', 'beckford', 'broadwaters', 'sills', 'véranda', 'phosphore', 'docteur']
308	-0.0010155229943420861	['crimes', 'meurtre', 'planteguerre', 'rochembert', 'meurtres', 'criminel', 'rampez', 'meurtrier', 'crime', 'quim']
220	-0.0010310980116319487	['quara', 'plikt', 'jakt', 'philotes', 'mirtin', 'novinha', 'mourir', 'propres', 'vaisseau', 'aiûa']
132	-0.0010310980116319487	['cury', 'standish', 'cité', 'finch', 'leader', 'wil', 'steiner', 'dieux', 'envahisseur', 'lire']
15	-0.0010733616774747726	['catlin', 'dieux', 'chinois', 'bronzes', 'tzu', 'congrès', 'qin', 'lusitania', 'flotte', 'démosthène']
158	-0.0010880603510808066	['roditis', 'santoliquido', 'persona', 'noyés', 'dybbouk', 'oncle', 'transplantation', 'persona oncle', 'donahy', 'hoptère']
169	-0.0010880603510808066	['valleroy', 'klyd', 'médiateur', 'simes', 'zeor', 'hrel', 'sectuib', 'nashmar', 'tentacules', 'imil']
294	-0.0010880603510808066	['tokyo', 'twern', 'horc', 'djalaluddin', 'togaïl', 'helvin', 'treuffais', 'claymore', 'twern veux', 'merbok']
237	-0.0011036353683706692	['séréna', 'lordy', 'laveuglant', 'flox', 'defeckmann', 'kehlweiler', 'butron', 'masters', 'dobel', 'bitchy']
120	-0.0011192103856605318	['edmée', 'andré', 'consul', 'andré edmée', 'bonnard', 'masselot', 'shanghaï', 'arquebuse', 'dorigen', 'styron']
186	-0.0011192103856605318	['khamal', 'kroll', 'vorton', 'kleinsmidt', 'kegan', 'inspecteur', 'schulze', 'facteur', 'ponik', 'norsworthy']
153	-0.0011347854029503943	['toronado', 'fusil', 'joker', 'pouvais', 'teele', 'springfield', 'ramsès', 'regardé', 'revolver', 'salaud']
-1	-0.0011499222483983274	['temps', 'yeux', 'tête', 'femme', 'chose', 'voix', 'porte', 'fit', 'air', 'voir']
208	-0.0011605977078195271	['moïse', 'bricoleur', 'curedent', 'josephson', 'puits', 'fourmilière', 'acromégalique', 'dundas', 'broncos', 'moïse sourit']
274	-0.0011605977078195271	['librairie champs', 'librairie', 'librairie champs élysées', 'adaptation représentation', 'adaptation représentation réservés', 'reproduction adaptation représentation', 'représentation réservés', 'contrôle cas', 'livre souffre', 'volumes collection']
265	-0.0011605977078195271	['carvil', 'grande terre', 'vextase', 'djemine', 'pirates', 'île', 'pointus', 'véra', 'soldats japonais', 'soldats']
284	-0.0011605977078195271	['yudel', 'amnésie', 'bande', 'tricheurs', 'créativité', 'chocolaté', 'tricheuses', 'profils', 'oa', 'gaws']
224	-0.0011761727251093897	['rhada', 'louange', 'prisko', 'terre', 'vaisseau vide', 'inspecteur bertholet', 'fleuve', 'royaume', 'enfers', 'bertholet']
170	-0.001191747742399252	['gerfaut', 'drakhane', 'koreh', 'jahol', 'méry', 'flaming', 'fumette', 'darche', 'branche', 'douairière']
157	-0.0012073227596891146	['treuffais', 'gardella', 'baher', 'boltover', 'bledd', 'pennaroya', 'xerox', 'blackie', 'copeau', 'poniachet']
104	-0.0012331350645582474	['krug', 'watchman', 'krug krug', 'spaulding', 'androïdes', 'vargas', 'transmat', 'alphas', 'androïde', 'cuve']
148	-0.0012331350645582474	['tenebrosa', 'amazones', 'amazone', 'comyn', 'terrienne', 'montray', 'margali', 'serment', 'hastur', 'guilde']
160	-0.0012331350645582474	['aimline', 'seel', 'daym', 'ramane', 'gelleï', 'ezaelle', 'ramanes', 'parthène', 'uelil', 'scientes']
211	-0.00124871008184811	['pianos', 'quade', 'nimier', 'cercueil', 'cimetière', 'nabounassar', 'kraken', 'pigmy', 'fœtus', 'morts vivants']
189	-0.001305672421296968	['congrès', 'ansibles', 'planète', 'congrès stellaire', 'stellaire', 'dieux', 'lusitania', 'vaisseau', 'configuration', 'ansible']
198	-0.001305672421296968	['quade', 'bossard', 'docteur bossard', 'boland', 'docteur', 'michaël', 'heures demie', 'demie', 'cavendish', 'aveyard']
199	-0.0013212474385868305	['robot', 'jenkins', 'saïz', 'nicodème', 'félix', 'wazi', 'carnivore', 'couac', 'stimulateur', 'rhésus']
84	-0.0013212474385868305	['ingold', 'lohiro', 'sorcier', 'ténébreux', 'archimage', 'quo', 'bâton', 'vieil', 'lngold', 'sorciers']
197	-0.0013782097780356884	['valleroy', 'talhael', 'twern', 'klyd', 'zeor', 'nashmar', 'andle', 'talolahti', 'sihtric', 'helvin']
195	-0.0013782097780356884	['malaussène', 'corrençon', 'cercaire', 'dolgorouki', 'zabo', 'majesté', 'stojilkovicz', 'thérèse', 'flic', 'ponthard']
152	-0.0013782097780356884	['jourdaine', 'béni', 'oï', 'oï tîkî', 'tîkî', 'mamette', 'saurien', 'concourle', 'ibère', 'terango']
188	-0.0013782097780356884	['fœtus', 'embryon', 'sperme', 'mère', 'ommach', 'bébé', 'bébés', 'mères', 'ventre mère', 'naître']
191	-0.0013782097780356884	['jalak', 'lolli', 'donjon', 'aamma', 'minalde', 'snel', 'gisèle', 'faucon glace', 'arbrerocs', 'isambour']
105	-0.0013835475077462807	['papier', 'cagliostro', 'farmer', 'titre', 'audiat', 'titres', 'journal', 'journaux', 'yudel', 'écriture']
183	-0.001393784795325551	['miroul', 'mcfee', 'lestandi', 'bretonnet', 'table', 'rue', 'préjean', 'ouais savait', 'lathrop', 'latin']
185	-0.001393784795325551	['prêtre', 'puymartin', 'père', 'haguet', 'cabusse', 'vandoosler', 'général terrazas', 'terrazas', 'abbé', 'évêque']
129	-0.0014093598126154135	['shakespeare', 'carnivore', 'nicodème', 'limaces', 'frédi', 'macbeth', 'crâne shakespeare', 'sentier', 'représentation', 'tubulure']
33	-0.0014151357141679198	['femmes', 'femme', 'hommes', 'conaire', 'amazones', 'veux', 'faut', 'mecs', 'féministes', 'filles']
229	-0.001450747134774409	['planètes', 'étoiles', 'inédit', 'planète', 'étoile', 'galaxie', 'terre', 'guérin', 'années lumière', 'seigneur kampaku']
187	-0.0014663221520642713	['delten', 'vorst', 'plani', 'shuan', 'closter', 'kort', 'gitamorn', 'gitamorn suul', 'suul', 'fratri']
108	-0.001513047203933859	['rue', 'ansart', 'boulevard', 'café', 'hôtel', 'soir', 'himes', 'quartier', 'tournon', 'restaurant']
218	-0.0015232844915131292	['sbire', 'noséné', 'télévision', 'télé', 'science noire', 'miramion', 'médias', 'pinocchio', 'science', 'étranges créatures']
221	-0.0015232844915131292	['science', 'machines', 'scientifique', 'citizen', 'scientifiques', 'antéchrist', 'heptangle', 'siècle', 'laboratoire', 'culturellement']
82	-0.0015232844915131292	['manilo', 'corrio', 'viételli', 'hanse', 'ommach', 'desprats', 'halter', 'cité', 'ostrer', 'regarde']
131	-0.0015388595088029918	['dumire', 'shérif', 'beckford', 'gribben', 'morrington', 'smithtown', 'stringer', 'smiley', 'bernstein', 'découpeur']
61	-0.0015958218482518497	['yudel', 'weizmann', 'majola', 'thandi', 'boutique', 'nieuwenhuysen', 'hymie', 'muntu', 'yudel savait', 'johannesburg']
45	-0.001637647342252759	['glace', 'vent', 'froid', 'glacé', 'flocons', 'vent glacé', 'tempête', 'nuit', 'woji', 'traces']
117	-0.0016425469001214372	['odeur', 'odeurs', 'parfum', 'gozals', 'parfums', 'biltine', 'petitjean', 'sunapee', 'ivresse', 'souvenirs']
203	-0.0016683592049905702	['loose', 'électriques', 'musée', 'sern', 'rue', 'jallud', 'méduse musée', 'caravane', 'cires', 'lumière']
75	-0.0016839342222804328	['finch', 'quince', 'tibbett', 'goodman', 'smeed', 'macey', 'hamstone', 'inspecteur', 'bingham', 'commissaire']
64	-0.0017359970038606132	['kg', 'gerfaut', 'pain', 'café', 'bière', 'repas', 'salade', 'jambon', 'kaltz', 'secrétaire etat']
154	-0.001756471579019153	['môle', 'chef informations', 'ïî', 'warum', 'mongolo', 'flugman', 'mlle dupré', 'tatav', 'valleroy', 'klyd']
135	-0.0017720465963090158	['bross', 'battysens', 'weller', 'szimak', 'carenheim', 'népo', 'charboll', 'solnès', 'citizen', 'vinkler']
115	-0.0017876216135988782	['bascus', 'madu', 'bailea', 'flic', 'police', 'vagabond', 'mellors', 'haymann', 'policier', 'cruiser']
102	-0.001813433918468011	['tatav', 'luda', 'jov', 'rakoff', 'harmonium', 'buissonnets', 'lunora', 'bossard', 'crés', 'réfectoire']
133	-0.0018445839530477361	['route', 'kilomètres', 'arbres', 'autoroute', 'voiture', 'chauffeur', 'récifs', 'ennian', 'paysage', 'pont']
125	-0.0018445839530477361	['avion', 'pilote', 'réacteurs', 'atterrissage', 'appareil', 'vitesse', 'hile', 'parachute', 'kilomètres', 'moteurs']
58	-0.0018810717173380538	['peinture', 'peintre', 'tableaux', 'peintres', 'artiste', 'peindre', 'portrait', 'tableau', 'œuvres', 'malmora']
47	-0.001901546292496594	['rhada', 'prisko', 'djinnih', 'soldat', 'nomade', 'tribu', 'camions', 'yané', 'boïdus', 'nomades']
107	-0.0019326963270763192	['musiciens', 'baroda', 'musique', 'houwa', 'velasquo', 'chef piste', 'tables', 'sanguinetto', 'orchestre', 'harid']
96	-0.0019482713443661815	['akrèn', 'ennian', 'gogleth', 'nédan', 'taor', 'sieur', 'rojfessa', 'chaman', 'baltagui', 'dogmæl']
156	-0.001958508631945452	['virus', 'descolada', 'quara', 'pequeninos', 'virus descolada', 'lusitania', 'varelse', 'humains', 'tuer', 'pouvons']
162	-0.001958508631945452	['link', 'ballon', 'touré', 'barge', 'corson', 'espace', 'étoiles', 'delten', 'cylindre', 'dimension']
74	-0.0019794213789459066	['freetime', 'gwener', 'ostrogot', 'pouvais', 'madère', 'aperth', 'savais', 'exéquateur', 'regardé', 'murillo']
53	-0.0021712211442929358	['meurtre', 'assassin', 'dover bowers', 'bowers', 'meurtrier', 'dover', 'crime', 'thayer', 'criminel', 'baumann']
130	-0.0021916957194514754	['raphaële', 'oxan', 'cantor', 'vorst', 'donofrio', 'roditis', 'galettes', 'markusby', 'log', 'ethéré']
121	-0.0021916957194514754	['clones', 'valleroy', 'génétique', 'génération', 'walt', 'gène', 'simes', 'gènes', 'pno', 'bactérie']
103	-0.0022072707367413384	['bataillon', 'pc', 'viets', 'légionnaires', 'bigeard', 'artillerie', 'lieutenant', 'langlais', 'assaut', 'officiers']
91	-0.0024404578242473622	['terrasse', 'cemp', 'jern', 'townsend', 'savait', 'pyaung', 'piège', 'affer', 'nollet', 'images']
77	-0.0025441452155658077	['hallingkar', 'poona', 'pd', 'daïren', 'mmi', 'uelil', 'félicien', 'planteur', 'jumbo', 'œufs œufs']
109	-0.002626919859883799	['archim', 'gouvernement', 'politique', 'aragonès', 'senfout', 'général', 'edijha', 'parti', 'beyle', 'japcase']
99	-0.002699457216622519	['corps', 'âmâme', 'corps ouvriers', 'capitano', 'tenues', 'visages', 'jakt', 'vivants', 'âme', 'objets']
38	-0.002813820067362149	['bouteille', 'sukie', 'verre', 'bière', 'bouteilles', 'tooley', 'verres', 'boire', 'alcool', 'table']
114	-0.002828956912810097	['étang', 'sills', '80 100', 'mots croisés', 'ans', 'irthia', 'enfermé', 'deucalio', 'mue', 'wishman']
35	-0.0029900448154193153	['porte', 'escalier', 'marches', 'ascenseur', 'baher', 'ouvrit', 'couloir', 'mur', 'corridor', 'immeuble']
90	-0.003207218713793562	['yudel', 'ptorn', 'crack', 'bross', 'weizmann', 'rooney', 'chapeau pardessus', 'aamma', 'allez', 'sadève']
85	-0.0034092557667198607	['cerveau', 'cerveaux', 'système', 'transplantation', 'intelligence', 'organique', 'synapses', 'anticorps', 'cellules', 'organes']
63	-0.0036010555320668894	['hulann', 'kanin', 'corps', 'construct', 'fouldroule', 'couleur', 'poils', 'calligraphe', 'yeux', 'stratten']
72	-0.0036424428542258845	['juifs', 'juif', 'israël', 'rabbi', 'raverdy', 'rabbin', 'juive', 'israël raverdy', 'egypte', 'hérode']
6	-0.003706933782594908	['chiens', 'kehlweiler', 'akrèn', 'animal', 'porte', 'tête', 'bête', 'sukie', 'yeux', 'dogtinder']
56	-0.003818667602283051	['éditions', 'igr 10', 'igr', 'fiction', 'inédit', 'science fiction', 'marabout', '10', 'traduction française', 'collection']
39	-0.0038240053319936428	['président', 'rossinante', 'ministre', 'darnish', 'hulvey', 'gouverneur', 'présidente', 'politique', 'packer', 'busheïn']
55	-0.004455928795641672	['chrétiens', 'turcs', 'soldats', 'soldats chrétiens', 'hommes', 'pèlerins', 'fleuve', 'père ascelin', 'ascelin', 'troupes']
37	-0.0047616532398864165	['clément', 'bejardy', 'sécateur', 'brossier', 'pouchet', 'type', 'tchik', 'vandoosler', 'vauquer', 'bonnot']
30	-0.004787465544755549	['kif', 'pyanfar', 'jik', 'sikkukkut', 'hakkikt', 'mahendo', 'dieux', 'chanur', 'hilfy', 'haral']
31	-0.00491206568307445	['brumbaugh', 'bétail', 'ranch', 'seccombe', 'venneford', 'betteraves', 'centennial', 'éleveurs', 'terre', 'skimmerhorn']
32	-0.005305902501347777	['lieutenant', 'capitaine', 'cops', 'commandant', 'officier', 'chef', 'sanselme', 'général', 'fantin', 'gouverneur']
16	-0.0061095893270262085	['arbres', 'arbre', 'forêt', 'fleurs', 'feuilles', 'branches', 'plantes', 'terre', 'racines', 'champignons']
28	-0.006984498993917617	['commissaire', 'dancourt', 'inspecteur', 'police', 'fassio', 'policier', 'enquête', 'boulle', 'dab', 'shérif']
17	-0.007404148117060076	['calife', 'tèmudjin', 'maître', 'abassa', 'djamouqa', 'qasar', 'toghril', 'palais', 'kèrèit', 'merkit']
23	-0.007730785308305277	['jésus', 'objets objets', 'seigneur', 'dieux', 'kernik', 'père', 'jérusalem', 'maligou', 'objets', 'prêtre']
26	-0.00818648402389614	['train', 'gare', 'voyageurs', 'métro', 'quai', 'wagons', 'wagon', 'station', 'trains', 'compartiment']
24	-0.00832132144979431	['seagull', 'moonbird', 'oiseau', 'ailes', 'skiz', 'birdlip', 'oiseaux', 'baccarat', 'dragon', 'insecte']
9	-0.008509098000956488	['voiture', 'route', 'chauffeur', 'camion', 'volant', 'voitures', 'véhicule', 'conducteur', 'arrière', 'portière']
10	-0.008638597697144068	['murs', 'château', 'fenêtres', 'mur', 'étage', 'porte', 'maison', 'rue', 'entrée', 'maisons']
11	-0.009244708855922965	['cigarette', 'cigarettes', 'fumée', 'tabac', 'paquet', 'fume', 'fumer', 'alluma', 'dis', 'cigare']
18	-0.009274544374976944	['bataillon', 'biên', 'diên biên', 'diên', 'viets', 'parachutistes', 'compagnie', 'lieutenant', 'légionnaires', 'pc']
12	-0.010316756017871992	['livre', 'livres', 'littérature', 'auteur', 'écrire', 'écrivain', 'œuvre', 'écrit', 'lecteur', 'lire']
20	-0.010642516865433365	['allemands', 'français', 'russes', 'armée', 'française', 'général', 'allemand', 'lacenaire', 'révolution', 'ministre']
21	-0.011787539555963029	['mort', 'humains', 'âme', 'faut', 'vivre', 'chose', 'humanité', 'science', 'êtres', 'société']
5	-0.014819848037225167	['bateau', 'eau', 'navire', 'pont', 'poissons', 'vent', 'sable', 'bord', 'vagues', 'coque']
7	-0.02185465712535531	['planète', 'espace', 'cemp', 'terre', 'planètes', 'beyle', 'silkies', 'vaisseau', 'système', 'orbite']
3	-0.03404802347453859	['corps', 'yeux', 'visage', 'mains', 'tête', 'coup', 'jambes', 'fit', 'gauche', 'cheveux']
0	-0.056841204851470505	['pouvais', 'sentais', 'savais', 'mère', 'porte', 'temps', 'chose', 'voyais', 'père', 'corps']
